{
    "metrics": {
        "http_req_blocked": {
            "min": 94.6005,
            "med": 124.12265,
            "max": 155.1887,
            "p(90)": 148.55514000000002,
            "p(95)": 151.83646,
            "avg": 127.88040800000005
        },
        "http_req_connecting": {
            "avg": 19.74984300000001,
            "min": 2.9494,
            "med": 15.4366,
            "max": 40.4361,
            "p(90)": 30.46236,
            "p(95)": 30.92079
        },
        "data_sent": {
            "count": 94928,
            "rate": 3040.395004859818
        },
        "vus": {
            "value": 100,
            "min": 100,
            "max": 100
        },
        "http_req_tls_handshaking": {
            "avg": 26.161490000000004,
            "min": 7.0107,
            "med": 24.017200000000003,
            "max": 60.7045,
            "p(90)": 40.075590000000005,
            "p(95)": 42.221279999999986
        },
        "http_reqs": {
            "rate": 3.2028432126030446,
            "count": 100
        },
        "iteration_duration": {
            "avg": 31178.826971999988,
            "min": 31123.903,
            "med": 31180.0901,
            "max": 31221.6095,
            "p(90)": 31205.045140000002,
            "p(95)": 31215.528365
        },
        "vus_max": {
            "value": 100,
            "min": 100,
            "max": 100
        },
        "data_received": {
            "count": 455944,
            "rate": 14603.171457270826
        },
        "http_req_sending": {
            "avg": 1.1318430000000002,
            "min": 0,
            "med": 0,
            "max": 35.9992,
            "p(90)": 1.2002,
            "p(95)": 3.0504949999999975
        },
        "http_req_receiving": {
            "min": 0,
            "med": 0,
            "max": 0,
            "p(90)": 0,
            "p(95)": 0,
            "avg": 0
        },
        "http_req_failed": {
            "passes": 100,
            "fails": 0,
            "value": 1
        },
        "iterations": {
            "count": 100,
            "rate": 3.2028432126030446
        },
        "http_req_waiting": {
            "p(90)": 30038.13568,
            "p(95)": 30039.12657,
            "avg": 30026.249585999994,
            "min": 30007.859,
            "med": 30027.31425,
            "max": 30045.1218
        },
        "checks": {
            "passes": 0,
            "fails": 1200,
            "value": 0
        },
        "http_req_duration": {
            "avg": 30027.381428999994,
            "min": 30012.8283,
            "med": 30029.1103,
            "max": 30047.8261,
            "p(90)": 30038.361090000002,
            "p(95)": 30039.6479
        }
    },
    "root_group": {
        "checks": {
            "200 OK": {
                "name": "200 OK",
                "path": "::200 OK",
                "id": "e9654c443eff553da9e69eda7007924e",
                "passes": 0,
                "fails": 100
            },
            "201 Created": {
                "id": "728dcd977aae263ca314731145e1d447",
                "passes": 0,
                "fails": 100,
                "name": "201 Created",
                "path": "::201 Created"
            },
            "204 No Content": {
                "id": "54fa3c2eda34e1622fda2da5e0479fc5",
                "passes": 0,
                "fails": 100,
                "name": "204 No Content",
                "path": "::204 No Content"
            },
            "400 Bad Request": {
                "path": "::400 Bad Request",
                "id": "eeae81934b9b58bccaf0184a6d070338",
                "passes": 0,
                "fails": 100,
                "name": "400 Bad Request"
            },
            "401 Unauthorized": {
                "fails": 100,
                "name": "401 Unauthorized",
                "path": "::401 Unauthorized",
                "id": "6ae9254e6aefe7f0bafe5102fa7e20a5",
                "passes": 0
            },
            "403 Forbidden": {
                "id": "655548b761742c5a7ad15aa7df3a5d9c",
                "passes": 0,
                "fails": 100,
                "name": "403 Forbidden",
                "path": "::403 Forbidden"
            },
            "404 Not Found": {
                "name": "404 Not Found",
                "path": "::404 Not Found",
                "id": "df1528f9925ca236bac51008f77b774a",
                "passes": 0,
                "fails": 100
            },
            "429 Too Many Requests": {
                "fails": 100,
                "name": "429 Too Many Requests",
                "path": "::429 Too Many Requests",
                "id": "b810c35b9499cc7342fd415032e3a6aa",
                "passes": 0
            },
            "500 Internal Server Error": {
                "name": "500 Internal Server Error",
                "path": "::500 Internal Server Error",
                "id": "3cd96245b24e869810efe46d533b0eef",
                "passes": 0,
                "fails": 100
            },
            "502 Bad Gateway": {
                "name": "502 Bad Gateway",
                "path": "::502 Bad Gateway",
                "id": "712cb0ec189a11f31f0d6d0c0031b569",
                "passes": 0,
                "fails": 100
            },
            "503 Service Unavailable": {
                "fails": 100,
                "name": "503 Service Unavailable",
                "path": "::503 Service Unavailable",
                "id": "f1ea1a22be0dc738c385523a66ea1cd9",
                "passes": 0
            },
            "504 Gateway Timeout": {
                "path": "::504 Gateway Timeout",
                "id": "218efb729cb654723ccd57c6ebbebe29",
                "passes": 0,
                "fails": 100,
                "name": "504 Gateway Timeout"
            }
        },
        "name": "",
        "path": "",
        "id": "d41d8cd98f00b204e9800998ecf8427e",
        "groups": {}
    }
}