{
    "metrics": {
        "http_req_sending": {
            "p(95)": 1.00043,
            "avg": 0.2660093333333334,
            "min": 0,
            "med": 0,
            "max": 6.8432,
            "p(90)": 0.6842800000000008
        },
        "data_sent": {
            "count": 284700,
            "rate": 9064.583043252878
        },
        "vus": {
            "value": 300,
            "min": 300,
            "max": 300
        },
        "http_req_duration": {
            "p(95)": 30143.3885,
            "avg": 30077.16232533334,
            "min": 30019.2225,
            "med": 30073.0648,
            "max": 30162.5095,
            "p(90)": 30131.97361
        },
        "http_req_failed": {
            "passes": 300,
            "fails": 0,
            "value": 1
        },
        "iterations": {
            "rate": 9.551720804270683,
            "count": 300
        },
        "http_reqs": {
            "count": 300,
            "rate": 9.551720804270683
        },
        "http_req_tls_handshaking": {
            "avg": 81.14327766666665,
            "min": 12.5346,
            "med": 73.5866,
            "max": 165.2084,
            "p(90)": 146.83936000000003,
            "p(95)": 155.32882
        },
        "data_received": {
            "count": 1367700,
            "rate": 43546.29514667005
        },
        "http_req_waiting": {
            "min": 30019.2225,
            "med": 30072.7261,
            "max": 30161.9543,
            "p(90)": 30131.97361,
            "p(95)": 30143.3885,
            "avg": 30076.896315999995
        },
        "http_req_receiving": {
            "min": 0,
            "med": 0,
            "max": 0,
            "p(90)": 0,
            "p(95)": 0,
            "avg": 0
        },
        "http_req_connecting": {
            "avg": 9.020252333333316,
            "min": 1.9255,
            "med": 10.2246,
            "max": 22.7592,
            "p(90)": 16.420650000000006,
            "p(95)": 18.268710000000006
        },
        "checks": {
            "passes": 0,
            "fails": 3600,
            "value": 0
        },
        "iteration_duration": {
            "p(95)": 31342.857515,
            "avg": 31227.621197000022,
            "min": 31048.5042,
            "med": 31231.9747,
            "max": 31373.0007,
            "p(90)": 31326.84045
        },
        "vus_max": {
            "value": 300,
            "min": 300,
            "max": 300
        },
        "http_req_blocked": {
            "avg": 92.0422673333333,
            "min": 23.2424,
            "med": 90.29435000000001,
            "max": 167.76,
            "p(90)": 150.46438000000003,
            "p(95)": 158.807045
        }
    },
    "root_group": {
        "groups": {},
        "checks": {
                "200 OK": {
                    "fails": 300,
                    "name": "200 OK",
                    "path": "::200 OK",
                    "id": "e9654c443eff553da9e69eda7007924e",
                    "passes": 0
                },
                "201 Created": {
                    "passes": 0,
                    "fails": 300,
                    "name": "201 Created",
                    "path": "::201 Created",
                    "id": "728dcd977aae263ca314731145e1d447"
                },
                "204 No Content": {
                    "path": "::204 No Content",
                    "id": "54fa3c2eda34e1622fda2da5e0479fc5",
                    "passes": 0,
                    "fails": 300,
                    "name": "204 No Content"
                },
                "400 Bad Request": {
                    "path": "::400 Bad Request",
                    "id": "eeae81934b9b58bccaf0184a6d070338",
                    "passes": 0,
                    "fails": 300,
                    "name": "400 Bad Request"
                },
                "401 Unauthorized": {
                    "name": "401 Unauthorized",
                    "path": "::401 Unauthorized",
                    "id": "6ae9254e6aefe7f0bafe5102fa7e20a5",
                    "passes": 0,
                    "fails": 300
                },
                "403 Forbidden": {
                    "path": "::403 Forbidden",
                    "id": "655548b761742c5a7ad15aa7df3a5d9c",
                    "passes": 0,
                    "fails": 300,
                    "name": "403 Forbidden"
                },
                "404 Not Found": {
                    "passes": 0,
                    "fails": 300,
                    "name": "404 Not Found",
                    "path": "::404 Not Found",
                    "id": "df1528f9925ca236bac51008f77b774a"
                },
                "429 Too Many Requests": {
                    "name": "429 Too Many Requests",
                    "path": "::429 Too Many Requests",
                    "id": "b810c35b9499cc7342fd415032e3a6aa",
                    "passes": 0,
                    "fails": 300
                },
                "500 Internal Server Error": {
                    "name": "500 Internal Server Error",
                    "path": "::500 Internal Server Error",
                    "id": "3cd96245b24e869810efe46d533b0eef",
                    "passes": 0,
                    "fails": 300
                },
                "502 Bad Gateway": {
                    "name": "502 Bad Gateway",
                    "path": "::502 Bad Gateway",
                    "id": "712cb0ec189a11f31f0d6d0c0031b569",
                    "passes": 0,
                    "fails": 300
                },
                "503 Service Unavailable": {
                    "name": "503 Service Unavailable",
                    "path": "::503 Service Unavailable",
                    "id": "f1ea1a22be0dc738c385523a66ea1cd9",
                    "passes": 0,
                    "fails": 300
                },
                "504 Gateway Timeout": {
                    "id": "218efb729cb654723ccd57c6ebbebe29",
                    "passes": 0,
                    "fails": 300,
                    "name": "504 Gateway Timeout",
                    "path": "::504 Gateway Timeout"
                }
            },
        "name": "",
        "path": "",
        "id": "d41d8cd98f00b204e9800998ecf8427e"
    }
}