{
    "metrics": {
        "http_reqs": {
            "rate": 12.612835371193349,
            "count": 400
        },
        "http_req_receiving": {
            "min": 0,
            "med": 0,
            "max": 0,
            "p(90)": 0,
            "p(95)": 0,
            "avg": 0
        },
        "vus_max": {
            "value": 400,
            "min": 400,
            "max": 400
        },
        "http_req_blocked": {
            "avg": 209.18302300000028,
            "min": 65.2519,
            "med": 205.9076,
            "max": 362.1583,
            "p(90)": 332.61939,
            "p(95)": 346.80302499999993
        },
        "http_req_connecting": {
            "avg": 5.351774750000008,
            "min": 2.0151,
            "med": 5.4502,
            "max": 9.7595,
            "p(90)": 7.3413,
            "p(95)": 7.696369999999995
        },
        "data_received": {
            "count": 1818400,
            "rate": 57337.94959744496
        },
        "data_sent": {
            "count": 257312,
            "rate": 8113.584737581257
        },
        "iterations": {
            "count": 400,
            "rate": 12.612835371193349
        },
        "http_req_sending": {
            "p(95)": 0.56451,
            "avg": 0.19002650000000001,
            "min": 0,
            "med": 0,
            "max": 1.1383,
            "p(90)": 0.5571
        },
        "http_req_waiting": {
            "med": 30168.343050000003,
            "max": 30299.7841,
            "p(90)": 30253.85166,
            "p(95)": 30275.17574,
            "avg": 30163.45653825002,
            "min": 30015.6387
        },
        "vus": {
            "value": 400,
            "min": 400,
            "max": 400
        },
        "checks": {
            "passes": 0,
            "fails": 4800,
            "value": 0
        },
        "iteration_duration": {
            "p(95)": 31691.65264,
            "avg": 31497.285653500006,
            "min": 31116.1334,
            "med": 31532.59535,
            "max": 31706.9766,
            "p(90)": 31667.70891
        },
        "http_req_duration": {
            "med": 30168.4965,
            "max": 30299.7841,
            "p(90)": 30253.85492,
            "p(95)": 30275.691915,
            "avg": 30163.646564750023,
            "min": 30016.2011
        },
        "http_req_tls_handshaking": {
            "avg": 154.400252,
            "min": 15.7994,
            "med": 153.21710000000002,
            "max": 299.9417,
            "p(90)": 272.28880000000004,
            "p(95)": 285.94481499999995
        },
        "http_req_failed": {
            "passes": 400,
            "fails": 0,
            "value": 1
        }
    },
    "root_group": {
        "name": "",
        "path": "",
        "id": "d41d8cd98f00b204e9800998ecf8427e",
        "groups": {},
        "checks": {
                "200 OK": {
                    "name": "200 OK",
                    "path": "::200 OK",
                    "id": "e9654c443eff553da9e69eda7007924e",
                    "passes": 0,
                    "fails": 400
                },
                "201 Created": {
                    "name": "201 Created",
                    "path": "::201 Created",
                    "id": "728dcd977aae263ca314731145e1d447",
                    "passes": 0,
                    "fails": 400
                },
                "204 No Content": {
                    "path": "::204 No Content",
                    "id": "54fa3c2eda34e1622fda2da5e0479fc5",
                    "passes": 0,
                    "fails": 400,
                    "name": "204 No Content"
                },
                "400 Bad Request": {
                    "name": "400 Bad Request",
                    "path": "::400 Bad Request",
                    "id": "eeae81934b9b58bccaf0184a6d070338",
                    "passes": 0,
                    "fails": 400
                },
                "401 Unauthorized": {
                    "name": "401 Unauthorized",
                    "path": "::401 Unauthorized",
                    "id": "6ae9254e6aefe7f0bafe5102fa7e20a5",
                    "passes": 0,
                    "fails": 400
                },
                "403 Forbidden": {
                    "name": "403 Forbidden",
                    "path": "::403 Forbidden",
                    "id": "655548b761742c5a7ad15aa7df3a5d9c",
                    "passes": 0,
                    "fails": 400
                },
                "404 Not Found": {
                    "id": "df1528f9925ca236bac51008f77b774a",
                    "passes": 0,
                    "fails": 400,
                    "name": "404 Not Found",
                    "path": "::404 Not Found"
                },
                "429 Too Many Requests": {
                    "name": "429 Too Many Requests",
                    "path": "::429 Too Many Requests",
                    "id": "b810c35b9499cc7342fd415032e3a6aa",
                    "passes": 0,
                    "fails": 400
                },
                "500 Internal Server Error": {
                    "passes": 0,
                    "fails": 400,
                    "name": "500 Internal Server Error",
                    "path": "::500 Internal Server Error",
                    "id": "3cd96245b24e869810efe46d533b0eef"
                },
                "502 Bad Gateway": {
                    "passes": 0,
                    "fails": 400,
                    "name": "502 Bad Gateway",
                    "path": "::502 Bad Gateway",
                    "id": "712cb0ec189a11f31f0d6d0c0031b569"
                },
                "503 Service Unavailable": {
                    "name": "503 Service Unavailable",
                    "path": "::503 Service Unavailable",
                    "id": "f1ea1a22be0dc738c385523a66ea1cd9",
                    "passes": 0,
                    "fails": 400
                },
                "504 Gateway Timeout": {
                    "name": "504 Gateway Timeout",
                    "path": "::504 Gateway Timeout",
                    "id": "218efb729cb654723ccd57c6ebbebe29",
                    "passes": 0,
                    "fails": 400
                }
            }
    }
}