{
    "metrics": {
        "http_req_tls_handshaking": {
            "avg": 79.90716933333339,
            "min": 12.3625,
            "med": 62.458299999999994,
            "max": 181.2507,
            "p(90)": 162.32572000000002,
            "p(95)": 171.84098
        },
        "http_req_sending": {
            "max": 1.0171,
            "p(90)": 0.55841,
            "p(95)": 0.569115,
            "avg": 0.18099233333333328,
            "min": 0,
            "med": 0
        },
        "http_req_connecting": {
            "p(95)": 19.4038,
            "avg": 15.68788866666665,
            "min": 9.4682,
            "med": 15.7975,
            "max": 21.4237,
            "p(90)": 18.5869
        },
        "checks": {
            "passes": 0,
            "fails": 3600,
            "value": 0
        },
        "iteration_duration": {
            "med": 31247.286099999998,
            "max": 31396.0458,
            "p(90)": 31349.49942,
            "p(95)": 31360.18155,
            "avg": 31239.499207000004,
            "min": 31090.3873
        },
        "iterations": {
            "count": 300,
            "rate": 9.552980687598712
        },
        "vus_max": {
            "value": 300,
            "min": 300,
            "max": 300
        },
        "http_req_failed": {
            "fails": 0,
            "passes": 300,
            "value": 1
        },
        "data_sent": {
            "count": 192936,
            "rate": 6143.7129398084835
        },
        "vus": {
            "value": 300,
            "min": 300,
            "max": 300
        },
        "http_reqs": {
            "count": 300,
            "rate": 9.552980687598712
        },
        "http_req_receiving": {
            "p(95)": 0,
            "avg": 0,
            "min": 0,
            "med": 0,
            "max": 0,
            "p(90)": 0
        },
        "data_received": {
            "count": 1363800,
            "rate": 43427.85020582374
        },
        "http_req_blocked": {
            "min": 28.0146,
            "med": 83.87119999999999,
            "max": 207.1906,
            "p(90)": 185.64067000000003,
            "p(95)": 192.77592000000004,
            "avg": 102.32839633333329
        },
        "http_req_waiting": {
            "avg": 30082.786458000002,
            "min": 30022.0578,
            "med": 30066.235800000002,
            "max": 30176.6524,
            "p(90)": 30150.13719,
            "p(95)": 30158.25218
        },
        "http_req_duration": {
            "avg": 30082.967450333363,
            "min": 30022.0578,
            "med": 30066.43995,
            "max": 30176.6524,
            "p(90)": 30150.18893,
            "p(95)": 30158.69185
        }
    },
    "root_group": {
        "name": "",
        "path": "",
        "id": "d41d8cd98f00b204e9800998ecf8427e",
        "groups": {},
        "checks": {
                "200 OK": {
                    "passes": 0,
                    "fails": 300,
                    "name": "200 OK",
                    "path": "::200 OK",
                    "id": "e9654c443eff553da9e69eda7007924e"
                },
                "201 Created": {
                    "path": "::201 Created",
                    "id": "728dcd977aae263ca314731145e1d447",
                    "passes": 0,
                    "fails": 300,
                    "name": "201 Created"
                },
                "204 No Content": {
                    "id": "54fa3c2eda34e1622fda2da5e0479fc5",
                    "passes": 0,
                    "fails": 300,
                    "name": "204 No Content",
                    "path": "::204 No Content"
                },
                "400 Bad Request": {
                    "passes": 0,
                    "fails": 300,
                    "name": "400 Bad Request",
                    "path": "::400 Bad Request",
                    "id": "eeae81934b9b58bccaf0184a6d070338"
                },
                "401 Unauthorized": {
                    "name": "401 Unauthorized",
                    "path": "::401 Unauthorized",
                    "id": "6ae9254e6aefe7f0bafe5102fa7e20a5",
                    "passes": 0,
                    "fails": 300
                },
                "403 Forbidden": {
                    "name": "403 Forbidden",
                    "path": "::403 Forbidden",
                    "id": "655548b761742c5a7ad15aa7df3a5d9c",
                    "passes": 0,
                    "fails": 300
                },
                "404 Not Found": {
                    "fails": 300,
                    "name": "404 Not Found",
                    "path": "::404 Not Found",
                    "id": "df1528f9925ca236bac51008f77b774a",
                    "passes": 0
                },
                "429 Too Many Requests": {
                    "name": "429 Too Many Requests",
                    "path": "::429 Too Many Requests",
                    "id": "b810c35b9499cc7342fd415032e3a6aa",
                    "passes": 0,
                    "fails": 300
                },
                "500 Internal Server Error": {
                    "passes": 0,
                    "fails": 300,
                    "name": "500 Internal Server Error",
                    "path": "::500 Internal Server Error",
                    "id": "3cd96245b24e869810efe46d533b0eef"
                },
                "502 Bad Gateway": {
                    "name": "502 Bad Gateway",
                    "path": "::502 Bad Gateway",
                    "id": "712cb0ec189a11f31f0d6d0c0031b569",
                    "passes": 0,
                    "fails": 300
                },
                "503 Service Unavailable": {
                    "passes": 0,
                    "fails": 300,
                    "name": "503 Service Unavailable",
                    "path": "::503 Service Unavailable",
                    "id": "f1ea1a22be0dc738c385523a66ea1cd9"
                },
                "504 Gateway Timeout": {
                    "path": "::504 Gateway Timeout",
                    "id": "218efb729cb654723ccd57c6ebbebe29",
                    "passes": 0,
                    "fails": 300,
                    "name": "504 Gateway Timeout"
                }
            }
    }
}