{
    "metrics": {
        "http_req_tls_handshaking": {
            "p(95)": 340.49427999999995,
            "avg": 185.2977285999999,
            "min": 14.5256,
            "med": 190.05630000000002,
            "max": 354.4869,
            "p(90)": 323.78956999999997
        },
        "iterations": {
            "count": 500,
            "rate": 15.882038887871026
        },
        "http_req_sending": {
            "p(90)": 0.5557300000000001,
            "p(95)": 0.99663,
            "avg": 0.16277839999999993,
            "min": 0,
            "med": 0,
            "max": 1.5261
        },
        "http_req_duration": {
            "min": 19974.9283,
            "med": 29273.29905,
            "max": 30093.7404,
            "p(90)": 30033.96603,
            "p(95)": 30049.935855,
            "avg": 26680.047739800015
        },
        "http_req_blocked": {
            "med": 204.35005,
            "max": 358.4868,
            "p(90)": 326.83258,
            "p(95)": 343.49037999999996,
            "avg": 197.99268900000027,
            "min": 27.5281
        },
        "http_req_waiting": {
            "avg": 26676.761177200016,
            "min": 19971.6625,
            "med": 29270.42525,
            "max": 30093.7404,
            "p(90)": 30030.608239999998,
            "p(95)": 30047.050475
        },
        "http_req_receiving": {
            "max": 27.3617,
            "p(90)": 3.6516,
            "p(95)": 4.0591349999999995,
            "avg": 3.1237842,
            "min": 0,
            "med": 2.9949500000000002
        },
        "data_received": {
            "count": 16353927,
            "rate": 519467.4091668079
        },
        "data_sent": {
            "count": 405032,
            "rate": 12865.467949664355
        },
        "iteration_duration": {
            "p(90)": 31312.75503,
            "p(95)": 31365.503025,
            "avg": 27878.890466200013,
            "min": 21029.3479,
            "med": 30486.36705,
            "max": 31443.5235
        },
        "http_reqs": {
            "count": 500,
            "rate": 15.882038887871026
        },
        "http_req_connecting": {
            "med": 14.0021,
            "max": 18.7073,
            "p(90)": 16.52499,
            "p(95)": 16.528105,
            "avg": 12.263307200000009,
            "min": 1.9965
        },
        "http_req_failed": {
            "passes": 4,
            "fails": 496,
            "value": 0.008
        },
        "http_req_duration{expected_response:true}": {
            "avg": 26652.56725806453,
            "min": 19974.9283,
            "med": 29270.901599999997,
            "max": 30070.7767,
            "p(90)": 30031.5103,
            "p(95)": 30046.61395
        },
        "vus": {
            "value": 159,
            "min": 159,
            "max": 500
        },
        "checks": {
            "passes": 496,
            "fails": 5504,
            "value": 0.08266666666666667
        },
        "vus_max": {
            "value": 500,
            "min": 500,
            "max": 500
        }
    },
    "root_group": {
        "name": "",
        "path": "",
        "id": "d41d8cd98f00b204e9800998ecf8427e",
        "groups": {},
        "checks": {
                "200 OK": {
                    "name": "200 OK",
                    "path": "::200 OK",
                    "id": "e9654c443eff553da9e69eda7007924e",
                    "passes": 496,
                    "fails": 4
                },
                "201 Created": {
                    "name": "201 Created",
                    "path": "::201 Created",
                    "id": "728dcd977aae263ca314731145e1d447",
                    "passes": 0,
                    "fails": 500
                },
                "204 No Content": {
                    "id": "54fa3c2eda34e1622fda2da5e0479fc5",
                    "passes": 0,
                    "fails": 500,
                    "name": "204 No Content",
                    "path": "::204 No Content"
                },
                "400 Bad Request": {
                    "name": "400 Bad Request",
                    "path": "::400 Bad Request",
                    "id": "eeae81934b9b58bccaf0184a6d070338",
                    "passes": 0,
                    "fails": 500
                },
                "401 Unauthorized": {
                    "fails": 500,
                    "name": "401 Unauthorized",
                    "path": "::401 Unauthorized",
                    "id": "6ae9254e6aefe7f0bafe5102fa7e20a5",
                    "passes": 0
                },
                "403 Forbidden": {
                    "fails": 500,
                    "name": "403 Forbidden",
                    "path": "::403 Forbidden",
                    "id": "655548b761742c5a7ad15aa7df3a5d9c",
                    "passes": 0
                },
                "404 Not Found": {
                    "id": "df1528f9925ca236bac51008f77b774a",
                    "passes": 0,
                    "fails": 500,
                    "name": "404 Not Found",
                    "path": "::404 Not Found"
                },
                "429 Too Many Requests": {
                    "name": "429 Too Many Requests",
                    "path": "::429 Too Many Requests",
                    "id": "b810c35b9499cc7342fd415032e3a6aa",
                    "passes": 0,
                    "fails": 500
                },
                "500 Internal Server Error": {
                    "name": "500 Internal Server Error",
                    "path": "::500 Internal Server Error",
                    "id": "3cd96245b24e869810efe46d533b0eef",
                    "passes": 0,
                    "fails": 500
                },
                "502 Bad Gateway": {
                    "name": "502 Bad Gateway",
                    "path": "::502 Bad Gateway",
                    "id": "712cb0ec189a11f31f0d6d0c0031b569",
                    "passes": 0,
                    "fails": 500
                },
                "503 Service Unavailable": {
                    "passes": 0,
                    "fails": 500,
                    "name": "503 Service Unavailable",
                    "path": "::503 Service Unavailable",
                    "id": "f1ea1a22be0dc738c385523a66ea1cd9"
                },
                "504 Gateway Timeout": {
                    "name": "504 Gateway Timeout",
                    "path": "::504 Gateway Timeout",
                    "id": "218efb729cb654723ccd57c6ebbebe29",
                    "passes": 0,
                    "fails": 500
                }
            }
    }
}