{
    "metrics": {
        "vus_max": {
            "value": 100,
            "min": 100,
            "max": 100
        },
        "http_req_sending": {
            "avg": 0.16724900000000006,
            "min": 0,
            "med": 0,
            "max": 0.6311,
            "p(90)": 0.55431,
            "p(95)": 0.55781
        },
        "vus": {
            "value": 16,
            "min": 16,
            "max": 100
        },
        "http_req_duration{expected_response:true}": {
            "avg": 26533.135082000004,
            "min": 23329.7091,
            "med": 27591.85435,
            "max": 27961.9028,
            "p(90)": 27851.80041,
            "p(95)": 27909.219145
        },
        "data_received": {
            "count": 3293901,
            "rate": 113049.35335696845
        },
        "http_req_failed": {
            "passes": 0,
            "fails": 100,
            "value": 0
        },
        "http_req_waiting": {
            "min": 23327.224,
            "med": 27589.1214,
            "max": 27959.0292,
            "p(90)": 27848.76918,
            "p(95)": 27905.617645,
            "avg": 26529.957691999996
        },
        "checks": {
            "passes": 100,
            "fails": 1100,
            "value": 0.08333333333333333
        },
        "data_sent": {
            "count": 81064,
            "rate": 2782.1822151088604
        },
        "http_req_duration": {
            "p(90)": 27851.80041,
            "p(95)": 27909.219145,
            "avg": 26533.135082000004,
            "min": 23329.7091,
            "med": 27591.85435,
            "max": 27961.9028
        },
        "http_req_connecting": {
            "avg": 4.436327,
            "min": 2.6577,
            "med": 4.5304,
            "max": 6.0268,
            "p(90)": 5.4628,
            "p(95)": 5.511594999999999
        },
        "http_req_receiving": {
            "p(95)": 3.641305,
            "avg": 3.0101410000000004,
            "min": 0,
            "med": 2.8705,
            "max": 22.8863,
            "p(90)": 3.5299
        },
        "http_req_blocked": {
            "min": 104.6055,
            "med": 134.3395,
            "max": 173.6319,
            "p(90)": 165.58709000000002,
            "p(95)": 169.073475,
            "avg": 137.04718400000002
        },
        "iteration_duration": {
            "min": 24450.6523,
            "med": 28712.064,
            "max": 29134.611,
            "p(90)": 29004.59931,
            "p(95)": 29075.34557,
            "avg": 27670.634036000007
        },
        "iterations": {
            "rate": 3.432081090383969,
            "count": 100
        },
        "http_req_tls_handshaking": {
            "p(90)": 61.36019000000001,
            "p(95)": 65.382375,
            "avg": 35.672917000000005,
            "min": 5.3,
            "med": 34.198800000000006,
            "max": 69.9278
        },
        "http_reqs": {
            "count": 100,
            "rate": 3.432081090383969
        }
    },
    "root_group": {
        "name": "",
        "path": "",
        "id": "d41d8cd98f00b204e9800998ecf8427e",
        "groups": {},
        "checks": {
                "200 OK": {
                    "name": "200 OK",
                    "path": "::200 OK",
                    "id": "e9654c443eff553da9e69eda7007924e",
                    "passes": 100,
                    "fails": 0
                },
                "201 Created": {
                    "passes": 0,
                    "fails": 100,
                    "name": "201 Created",
                    "path": "::201 Created",
                    "id": "728dcd977aae263ca314731145e1d447"
                },
                "204 No Content": {
                    "path": "::204 No Content",
                    "id": "54fa3c2eda34e1622fda2da5e0479fc5",
                    "passes": 0,
                    "fails": 100,
                    "name": "204 No Content"
                },
                "400 Bad Request": {
                    "id": "eeae81934b9b58bccaf0184a6d070338",
                    "passes": 0,
                    "fails": 100,
                    "name": "400 Bad Request",
                    "path": "::400 Bad Request"
                },
                "401 Unauthorized": {
                    "name": "401 Unauthorized",
                    "path": "::401 Unauthorized",
                    "id": "6ae9254e6aefe7f0bafe5102fa7e20a5",
                    "passes": 0,
                    "fails": 100
                },
                "403 Forbidden": {
                    "name": "403 Forbidden",
                    "path": "::403 Forbidden",
                    "id": "655548b761742c5a7ad15aa7df3a5d9c",
                    "passes": 0,
                    "fails": 100
                },
                "404 Not Found": {
                    "name": "404 Not Found",
                    "path": "::404 Not Found",
                    "id": "df1528f9925ca236bac51008f77b774a",
                    "passes": 0,
                    "fails": 100
                },
                "429 Too Many Requests": {
                    "name": "429 Too Many Requests",
                    "path": "::429 Too Many Requests",
                    "id": "b810c35b9499cc7342fd415032e3a6aa",
                    "passes": 0,
                    "fails": 100
                },
                "500 Internal Server Error": {
                    "name": "500 Internal Server Error",
                    "path": "::500 Internal Server Error",
                    "id": "3cd96245b24e869810efe46d533b0eef",
                    "passes": 0,
                    "fails": 100
                },
                "502 Bad Gateway": {
                    "fails": 100,
                    "name": "502 Bad Gateway",
                    "path": "::502 Bad Gateway",
                    "id": "712cb0ec189a11f31f0d6d0c0031b569",
                    "passes": 0
                },
                "503 Service Unavailable": {
                    "id": "f1ea1a22be0dc738c385523a66ea1cd9",
                    "passes": 0,
                    "fails": 100,
                    "name": "503 Service Unavailable",
                    "path": "::503 Service Unavailable"
                },
                "504 Gateway Timeout": {
                    "id": "218efb729cb654723ccd57c6ebbebe29",
                    "passes": 0,
                    "fails": 100,
                    "name": "504 Gateway Timeout",
                    "path": "::504 Gateway Timeout"
                }
            }
    }
}