{
    "metrics": {
        "http_req_failed": {
            "passes": 0,
            "fails": 78,
            "value": 0
        },
        "http_reqs": {
            "count": 78,
            "rate": 124.6062522305318
        },
        "http_req_connecting": {
            "max": 41.1169,
            "p(90)": 37.2213,
            "p(95)": 38.25762499999999,
            "avg": 32.33944871794872,
            "min": 1.9999,
            "med": 33.0239
        },
        "http_req_tls_handshaking": {
            "avg": 129.13937435897435,
            "min": 27.9885,
            "med": 104.9996,
            "max": 369.433,
            "p(90)": 329.60853999999995,
            "p(95)": 354.65423
        },
        "http_req_waiting": {
            "avg": 385.111767948718,
            "min": 93.0524,
            "med": 422.4732,
            "max": 500.0319,
            "p(90)": 475.14707,
            "p(95)": 475.409065
        },
        "http_req_duration": {
            "avg": 385.36153461538464,
            "min": 93.0524,
            "med": 422.97325,
            "max": 500.0319,
            "p(90)": 475.14707,
            "p(95)": 476.23433
        },
        "http_req_duration{expected_response:true}": {
            "med": 422.97325,
            "max": 500.0319,
            "p(90)": 475.14707,
            "p(95)": 476.23433,
            "avg": 385.36153461538464,
            "min": 93.0524
        },
        "http_req_blocked": {
            "p(95)": 391.53926499999994,
            "avg": 162.99852948717944,
            "min": 64.0177,
            "med": 135.5152,
            "max": 443.4355,
            "p(90)": 350.47400999999996
        },
        "http_req_sending": {
            "p(95)": 1.00237,
            "avg": 0.17753076923076921,
            "min": 0,
            "med": 0,
            "max": 1.1117,
            "p(90)": 0.99822
        },
        "http_req_receiving": {
            "p(95)": 0.53213,
            "avg": 0.07223589743589742,
            "min": 0,
            "med": 0,
            "max": 0.5562,
            "p(90)": 0.51453
        },
        "data_received": {
            "count": 3582044,
            "rate": 5722372.796985423
        },
        "checks": {
            "passes": 78,
            "fails": 858,
            "value": 0.08333333333333333
        },
        "data_sent": {
            "count": 562970,
            "rate": 899353.6130541344
        }
    },
    "root_group": {
        "name": "",
        "path": "",
        "id": "d41d8cd98f00b204e9800998ecf8427e",
        "groups": {},
        "checks": {
                "200 OK": {
                    "passes": 78,
                    "fails": 0,
                    "name": "200 OK",
                    "path": "::200 OK",
                    "id": "e9654c443eff553da9e69eda7007924e"
                },
                "201 Created": {
                    "name": "201 Created",
                    "path": "::201 Created",
                    "id": "728dcd977aae263ca314731145e1d447",
                    "passes": 0,
                    "fails": 78
                },
                "204 No Content": {
                    "name": "204 No Content",
                    "path": "::204 No Content",
                    "id": "54fa3c2eda34e1622fda2da5e0479fc5",
                    "passes": 0,
                    "fails": 78
                },
                "400 Bad Request": {
                    "passes": 0,
                    "fails": 78,
                    "name": "400 Bad Request",
                    "path": "::400 Bad Request",
                    "id": "eeae81934b9b58bccaf0184a6d070338"
                },
                "401 Unauthorized": {
                    "name": "401 Unauthorized",
                    "path": "::401 Unauthorized",
                    "id": "6ae9254e6aefe7f0bafe5102fa7e20a5",
                    "passes": 0,
                    "fails": 78
                },
                "403 Forbidden": {
                    "fails": 78,
                    "name": "403 Forbidden",
                    "path": "::403 Forbidden",
                    "id": "655548b761742c5a7ad15aa7df3a5d9c",
                    "passes": 0
                },
                "404 Not Found": {
                    "id": "df1528f9925ca236bac51008f77b774a",
                    "passes": 0,
                    "fails": 78,
                    "name": "404 Not Found",
                    "path": "::404 Not Found"
                },
                "429 Too Many Requests": {
                    "name": "429 Too Many Requests",
                    "path": "::429 Too Many Requests",
                    "id": "b810c35b9499cc7342fd415032e3a6aa",
                    "passes": 0,
                    "fails": 78
                },
                "500 Internal Server Error": {
                    "name": "500 Internal Server Error",
                    "path": "::500 Internal Server Error",
                    "id": "3cd96245b24e869810efe46d533b0eef",
                    "passes": 0,
                    "fails": 78
                },
                "502 Bad Gateway": {
                    "passes": 0,
                    "fails": 78,
                    "name": "502 Bad Gateway",
                    "path": "::502 Bad Gateway",
                    "id": "712cb0ec189a11f31f0d6d0c0031b569"
                },
                "503 Service Unavailable": {
                    "id": "f1ea1a22be0dc738c385523a66ea1cd9",
                    "passes": 0,
                    "fails": 78,
                    "name": "503 Service Unavailable",
                    "path": "::503 Service Unavailable"
                },
                "504 Gateway Timeout": {
                    "name": "504 Gateway Timeout",
                    "path": "::504 Gateway Timeout",
                    "id": "218efb729cb654723ccd57c6ebbebe29",
                    "passes": 0,
                    "fails": 78
                }
            }
    }
}