{
    "metrics": {
        "iterations": {
            "count": 900,
            "rate": 417.0068168104344
        },
        "checks": {
            "passes": 900,
            "fails": 9900,
            "value": 0.08333333333333333
        },
        "http_req_duration{expected_response:true}": {
            "avg": 461.1625943333336,
            "min": 144.8455,
            "med": 450.63335,
            "max": 919.6682,
            "p(90)": 732.50232,
            "p(95)": 823.3046
        },
        "http_req_blocked": {
            "avg": 280.2315338888887,
            "min": 159.5947,
            "med": 250.4503,
            "max": 672.575,
            "p(90)": 416.37065000000007,
            "p(95)": 461.504125
        },
        "http_req_waiting": {
            "p(90)": 732.50232,
            "p(95)": 823.3046,
            "avg": 460.75789577777755,
            "min": 144.8455,
            "med": 450.29134999999997,
            "max": 918.6657
        },
        "http_req_receiving": {
            "p(90)": 0.3226800000000001,
            "p(95)": 0.5484899999999999,
            "avg": 0.07800055555555559,
            "min": 0,
            "med": 0,
            "max": 3.531
        },
        "vus_max": {
            "min": 900,
            "max": 900,
            "value": 900
        },
        "data_sent": {
            "rate": 251038.1037198815,
            "count": 541800
        },
        "vus": {
            "value": 558,
            "min": 558,
            "max": 900
        },
        "http_req_duration": {
            "avg": 461.1625943333336,
            "min": 144.8455,
            "med": 450.63335,
            "max": 919.6682,
            "p(90)": 732.50232,
            "p(95)": 823.3046
        },
        "http_reqs": {
            "count": 900,
            "rate": 417.0068168104344
        },
        "http_req_connecting": {
            "avg": 105.86404444444443,
            "min": 20.651,
            "med": 116.9779,
            "max": 163.8973,
            "p(90)": 148.68585000000002,
            "p(95)": 152.35676999999998
        },
        "http_req_tls_handshaking": {
            "avg": 173.47481211111102,
            "min": 96.5285,
            "med": 148.34635,
            "max": 429.1373,
            "p(90)": 326.5992300000001,
            "p(95)": 405.952545
        },
        "http_req_failed": {
            "fails": 900,
            "passes": 0,
            "value": 0
        },
        "http_req_sending": {
            "avg": 0.32669800000000015,
            "min": 0,
            "med": 0,
            "max": 10.2262,
            "p(90)": 0.9977,
            "p(95)": 1.015255
        },
        "data_received": {
            "count": 4515300,
            "rate": 2092123.1999379492
        },
        "iteration_duration": {
            "p(90)": 1993.95892,
            "p(95)": 2097.106835,
            "avg": 1742.318548555554,
            "min": 1438.4032,
            "med": 1746.90615,
            "max": 2123.8229
        }
    },
    "root_group": {
        "name": "",
        "path": "",
        "id": "d41d8cd98f00b204e9800998ecf8427e",
        "groups": {},
        "checks": {
                "200 OK": {
                    "name": "200 OK",
                    "path": "::200 OK",
                    "id": "e9654c443eff553da9e69eda7007924e",
                    "passes": 900,
                    "fails": 0
                },
                "201 Created": {
                    "name": "201 Created",
                    "path": "::201 Created",
                    "id": "728dcd977aae263ca314731145e1d447",
                    "passes": 0,
                    "fails": 900
                },
                "204 No Content": {
                    "passes": 0,
                    "fails": 900,
                    "name": "204 No Content",
                    "path": "::204 No Content",
                    "id": "54fa3c2eda34e1622fda2da5e0479fc5"
                },
                "400 Bad Request": {
                    "name": "400 Bad Request",
                    "path": "::400 Bad Request",
                    "id": "eeae81934b9b58bccaf0184a6d070338",
                    "passes": 0,
                    "fails": 900
                },
                "401 Unauthorized": {
                    "name": "401 Unauthorized",
                    "path": "::401 Unauthorized",
                    "id": "6ae9254e6aefe7f0bafe5102fa7e20a5",
                    "passes": 0,
                    "fails": 900
                },
                "403 Forbidden": {
                    "id": "655548b761742c5a7ad15aa7df3a5d9c",
                    "passes": 0,
                    "fails": 900,
                    "name": "403 Forbidden",
                    "path": "::403 Forbidden"
                },
                "404 Not Found": {
                    "name": "404 Not Found",
                    "path": "::404 Not Found",
                    "id": "df1528f9925ca236bac51008f77b774a",
                    "passes": 0,
                    "fails": 900
                },
                "429 Too Many Requests": {
                    "passes": 0,
                    "fails": 900,
                    "name": "429 Too Many Requests",
                    "path": "::429 Too Many Requests",
                    "id": "b810c35b9499cc7342fd415032e3a6aa"
                },
                "500 Internal Server Error": {
                    "name": "500 Internal Server Error",
                    "path": "::500 Internal Server Error",
                    "id": "3cd96245b24e869810efe46d533b0eef",
                    "passes": 0,
                    "fails": 900
                },
                "502 Bad Gateway": {
                    "name": "502 Bad Gateway",
                    "path": "::502 Bad Gateway",
                    "id": "712cb0ec189a11f31f0d6d0c0031b569",
                    "passes": 0,
                    "fails": 900
                },
                "503 Service Unavailable": {
                    "path": "::503 Service Unavailable",
                    "id": "f1ea1a22be0dc738c385523a66ea1cd9",
                    "passes": 0,
                    "fails": 900,
                    "name": "503 Service Unavailable"
                },
                "504 Gateway Timeout": {
                    "name": "504 Gateway Timeout",
                    "path": "::504 Gateway Timeout",
                    "id": "218efb729cb654723ccd57c6ebbebe29",
                    "passes": 0,
                    "fails": 900
                }
            }
    }
}