{
    "metrics": {
        "http_req_blocked": {
            "med": 199.50415,
            "max": 435.0806,
            "p(90)": 342.19809000000004,
            "p(95)": 346.911085,
            "avg": 210.96435819999996,
            "min": 46.4942
        },
        "http_req_waiting": {
            "min": 81.1189,
            "med": 299.37575,
            "max": 505.6902,
            "p(90)": 446.99729,
            "p(95)": 460.6393099999999,
            "avg": 300.59862100000015
        },
        "data_received": {
            "count": 2508500,
            "rate": 1430848.220628867
        },
        "http_req_duration{expected_response:true}": {
            "avg": 300.89202600000004,
            "min": 81.1189,
            "med": 299.52869999999996,
            "max": 505.6902,
            "p(90)": 447.05406000000005,
            "p(95)": 461.18601499999994
        },
        "vus_max": {
            "value": 500,
            "min": 500,
            "max": 500
        },
        "http_req_duration": {
            "min": 81.1189,
            "med": 299.52869999999996,
            "max": 505.6902,
            "p(90)": 447.05406000000005,
            "p(95)": 461.18601499999994,
            "avg": 300.89202600000004
        },
        "http_req_sending": {
            "avg": 0.2323132,
            "min": 0,
            "med": 0,
            "max": 14.0008,
            "p(90)": 0.5998500000000001,
            "p(95)": 0.9993
        },
        "vus": {
            "value": 9,
            "min": 9,
            "max": 500
        },
        "data_sent": {
            "rate": 171690.37847689414,
            "count": 301000
        },
        "iteration_duration": {
            "avg": 1512.617906,
            "min": 1256.6323,
            "med": 1561.1208000000001,
            "max": 1718.9215,
            "p(90)": 1649.94642,
            "p(95)": 1664.20839
        },
        "http_req_connecting": {
            "avg": 23.6237498,
            "min": 2.3201,
            "med": 22.590249999999997,
            "max": 49.7776,
            "p(90)": 36.613510000000005,
            "p(95)": 39.298
        },
        "http_req_tls_handshaking": {
            "med": 171.80605,
            "max": 352.1807,
            "p(90)": 329.74890999999997,
            "p(95)": 338.57828,
            "avg": 185.44848580000004,
            "min": 26.6049
        },
        "checks": {
            "passes": 500,
            "fails": 5500,
            "value": 0.08333333333333333
        },
        "iterations": {
            "count": 500,
            "rate": 285.19996424733245
        },
        "http_req_receiving": {
            "med": 0,
            "max": 1.0294,
            "p(90)": 0.1272200000000015,
            "p(95)": 0.5355,
            "avg": 0.06109180000000002,
            "min": 0
        },
        "http_req_failed": {
            "passes": 0,
            "fails": 500,
            "value": 0
        },
        "http_reqs": {
            "count": 500,
            "rate": 285.19996424733245
        }
    },
    "root_group": {
        "name": "",
        "path": "",
        "id": "d41d8cd98f00b204e9800998ecf8427e",
        "groups": {},
        "checks": {
                "200 OK": {
                    "name": "200 OK",
                    "path": "::200 OK",
                    "id": "e9654c443eff553da9e69eda7007924e",
                    "passes": 500,
                    "fails": 0
                },
                "201 Created": {
                    "name": "201 Created",
                    "path": "::201 Created",
                    "id": "728dcd977aae263ca314731145e1d447",
                    "passes": 0,
                    "fails": 500
                },
                "204 No Content": {
                    "id": "54fa3c2eda34e1622fda2da5e0479fc5",
                    "passes": 0,
                    "fails": 500,
                    "name": "204 No Content",
                    "path": "::204 No Content"
                },
                "400 Bad Request": {
                    "name": "400 Bad Request",
                    "path": "::400 Bad Request",
                    "id": "eeae81934b9b58bccaf0184a6d070338",
                    "passes": 0,
                    "fails": 500
                },
                "401 Unauthorized": {
                    "name": "401 Unauthorized",
                    "path": "::401 Unauthorized",
                    "id": "6ae9254e6aefe7f0bafe5102fa7e20a5",
                    "passes": 0,
                    "fails": 500
                },
                "403 Forbidden": {
                    "name": "403 Forbidden",
                    "path": "::403 Forbidden",
                    "id": "655548b761742c5a7ad15aa7df3a5d9c",
                    "passes": 0,
                    "fails": 500
                },
                "404 Not Found": {
                    "name": "404 Not Found",
                    "path": "::404 Not Found",
                    "id": "df1528f9925ca236bac51008f77b774a",
                    "passes": 0,
                    "fails": 500
                },
                "429 Too Many Requests": {
                    "fails": 500,
                    "name": "429 Too Many Requests",
                    "path": "::429 Too Many Requests",
                    "id": "b810c35b9499cc7342fd415032e3a6aa",
                    "passes": 0
                },
                "500 Internal Server Error": {
                    "name": "500 Internal Server Error",
                    "path": "::500 Internal Server Error",
                    "id": "3cd96245b24e869810efe46d533b0eef",
                    "passes": 0,
                    "fails": 500
                },
                "502 Bad Gateway": {
                    "passes": 0,
                    "fails": 500,
                    "name": "502 Bad Gateway",
                    "path": "::502 Bad Gateway",
                    "id": "712cb0ec189a11f31f0d6d0c0031b569"
                },
                "503 Service Unavailable": {
                    "name": "503 Service Unavailable",
                    "path": "::503 Service Unavailable",
                    "id": "f1ea1a22be0dc738c385523a66ea1cd9",
                    "passes": 0,
                    "fails": 500
                },
                "504 Gateway Timeout": {
                    "name": "504 Gateway Timeout",
                    "path": "::504 Gateway Timeout",
                    "id": "218efb729cb654723ccd57c6ebbebe29",
                    "passes": 0,
                    "fails": 500
                }
            }
    }
}