{
    "metrics": {
        "http_req_receiving": {
            "avg": 0.14889837894736835,
            "min": 0,
            "med": 0,
            "max": 27.4546,
            "p(90)": 0.5129,
            "p(95)": 0.9976149999999998
        },
        "iteration_duration": {
            "max": 36354.4365,
            "p(90)": 7390.40194,
            "p(95)": 7763.401895,
            "avg": 7841.032295894756,
            "min": 1533.9061,
            "med": 7045.27945
        },
        "vus": {
            "min": 0,
            "max": 9500,
            "value": 422
        },
        "http_req_duration": {
            "avg": 4508.473262789483,
            "min": 0,
            "med": 3214.8941999999997,
            "max": 33404.8328,
            "p(90)": 4910.16505,
            "p(95)": 5109.59629
        },
        "vus_max": {
            "value": 9500,
            "min": 3559,
            "max": 9500
        },
        "http_req_connecting": {
            "p(95)": 645.6615,
            "avg": 547.9565800947344,
            "min": 53.9982,
            "med": 535.9678,
            "max": 674.6623,
            "p(90)": 630.5729
        },
        "http_req_tls_handshaking": {
            "med": 1572.31915,
            "max": 3876.4952,
            "p(90)": 3399.7073200000004,
            "p(95)": 3590.5332,
            "avg": 1779.4545259052636,
            "min": 0
        },
        "http_req_sending": {
            "avg": 0.2090231157894735,
            "min": 0,
            "med": 0,
            "max": 32.1794,
            "p(90)": 0.5594100000000001,
            "p(95)": 0.999
        },
        "http_req_failed": {
            "passes": 473,
            "fails": 9027,
            "value": 0.04978947368421053
        },
        "http_reqs": {
            "count": 9500,
            "rate": 257.7615544886301
        },
        "http_req_duration{expected_response:true}": {
            "avg": 3239.225692987709,
            "min": 803.8202,
            "med": 3170.56,
            "max": 5248.1589,
            "p(90)": 4748.7224,
            "p(95)": 4968.653479999999
        },
        "http_req_waiting": {
            "med": 3214.5805,
            "max": 33404.8328,
            "p(90)": 4910.16505,
            "p(95)": 5109.55202,
            "avg": 4508.115341294739,
            "min": 0
        },
        "data_sent": {
            "count": 5698482,
            "rate": 154615.7451100503
        },
        "http_req_blocked": {
            "p(90)": 4019.00304,
            "p(95)": 4225.283395,
            "avg": 2325.3343012421024,
            "min": 0,
            "med": 2093.29525,
            "max": 4548.2068
        },
        "checks": {
            "passes": 9027,
            "fails": 104973,
            "value": 0.07918421052631579
        },
        "data_received": {
            "count": 47206871,
            "rate": 1280854.3633162351
        },
        "iterations": {
            "count": 9500,
            "rate": 257.7615544886301
        }
    },
    "root_group": {
        "name": "",
        "path": "",
        "id": "d41d8cd98f00b204e9800998ecf8427e",
        "groups": {},
        "checks": {
                "200 OK": {
                    "name": "200 OK",
                    "path": "::200 OK",
                    "id": "e9654c443eff553da9e69eda7007924e",
                    "passes": 9027,
                    "fails": 473
                },
                "201 Created": {
                    "name": "201 Created",
                    "path": "::201 Created",
                    "id": "728dcd977aae263ca314731145e1d447",
                    "passes": 0,
                    "fails": 9500
                },
                "204 No Content": {
                    "passes": 0,
                    "fails": 9500,
                    "name": "204 No Content",
                    "path": "::204 No Content",
                    "id": "54fa3c2eda34e1622fda2da5e0479fc5"
                },
                "400 Bad Request": {
                    "name": "400 Bad Request",
                    "path": "::400 Bad Request",
                    "id": "eeae81934b9b58bccaf0184a6d070338",
                    "passes": 0,
                    "fails": 9500
                },
                "401 Unauthorized": {
                    "name": "401 Unauthorized",
                    "path": "::401 Unauthorized",
                    "id": "6ae9254e6aefe7f0bafe5102fa7e20a5",
                    "passes": 0,
                    "fails": 9500
                },
                "403 Forbidden": {
                    "name": "403 Forbidden",
                    "path": "::403 Forbidden",
                    "id": "655548b761742c5a7ad15aa7df3a5d9c",
                    "passes": 0,
                    "fails": 9500
                },
                "404 Not Found": {
                    "name": "404 Not Found",
                    "path": "::404 Not Found",
                    "id": "df1528f9925ca236bac51008f77b774a",
                    "passes": 0,
                    "fails": 9500
                },
                "429 Too Many Requests": {
                    "passes": 0,
                    "fails": 9500,
                    "name": "429 Too Many Requests",
                    "path": "::429 Too Many Requests",
                    "id": "b810c35b9499cc7342fd415032e3a6aa"
                },
                "500 Internal Server Error": {
                    "name": "500 Internal Server Error",
                    "path": "::500 Internal Server Error",
                    "id": "3cd96245b24e869810efe46d533b0eef",
                    "passes": 0,
                    "fails": 9500
                },
                "502 Bad Gateway": {
                    "name": "502 Bad Gateway",
                    "path": "::502 Bad Gateway",
                    "id": "712cb0ec189a11f31f0d6d0c0031b569",
                    "passes": 0,
                    "fails": 9500
                },
                "503 Service Unavailable": {
                    "name": "503 Service Unavailable",
                    "path": "::503 Service Unavailable",
                    "id": "f1ea1a22be0dc738c385523a66ea1cd9",
                    "passes": 0,
                    "fails": 9500
                },
                "504 Gateway Timeout": {
                    "name": "504 Gateway Timeout",
                    "path": "::504 Gateway Timeout",
                    "id": "218efb729cb654723ccd57c6ebbebe29",
                    "passes": 0,
                    "fails": 9500
                }
            }
    }
}