{
    "metrics": {
        "http_req_receiving": {
            "p(95)": 3.381465,
            "avg": 1.8309217999999985,
            "min": 0,
            "med": 2.5807,
            "max": 5.4395,
            "p(90)": 3.12437
        },
        "iteration_duration": {
            "max": 31394.5385,
            "p(90)": 31348.134510000004,
            "p(95)": 31359.732780000002,
            "avg": 27801.138779,
            "min": 21258.1171,
            "med": 30163.9466
        },
        "http_req_duration": {
            "med": 29087.69545,
            "max": 30217.7041,
            "p(90)": 30176.63174,
            "p(95)": 30197.922844999997,
            "avg": 26654.63958160001,
            "min": 20221.0895
        },
        "http_req_tls_handshaking": {
            "min": 14.2197,
            "med": 126.28665000000001,
            "max": 290.2872,
            "p(90)": 213.57865,
            "p(95)": 251.3518649999999,
            "avg": 129.58053479999998
        },
        "iterations": {
            "count": 500,
            "rate": 15.916026028050341
        },
        "vus_max": {
            "value": 500,
            "min": 500,
            "max": 500
        },
        "http_req_waiting": {
            "max": 30217.7041,
            "p(90)": 30176.138,
            "p(95)": 30197.921544999997,
            "avg": 26652.64946839999,
            "min": 20218.0562,
            "med": 29084.96705
        },
        "http_reqs": {
            "count": 500,
            "rate": 15.916026028050341
        },
        "http_req_connecting": {
            "avg": 12.7378982,
            "min": 2.2161,
            "med": 13.9597,
            "max": 26.1636,
            "p(90)": 18.682140000000004,
            "p(95)": 20.01813
        },
        "checks": {
            "passes": 323,
            "fails": 5677,
            "value": 0.05383333333333333
        },
        "data_sent": {
            "count": 382552,
            "rate": 12177.415178165427
        },
        "data_received": {
            "rate": 364263.6894615249,
            "count": 11443299
        },
        "http_req_failed": {
            "passes": 177,
            "fails": 323,
            "value": 0.354
        },
        "vus": {
            "value": 177,
            "min": 177,
            "max": 500
        },
        "http_req_duration{expected_response:true}": {
            "max": 29359.1692,
            "p(90)": 29275.93474,
            "p(95)": 29318.97384,
            "avg": 24739.657517647076,
            "min": 20221.0895,
            "med": 20993.9528
        },
        "http_req_sending": {
            "avg": 0.15919139999999996,
            "min": 0,
            "med": 0,
            "max": 2.43,
            "p(90)": 0.55012,
            "p(95)": 0.562605
        },
        "http_req_blocked": {
            "p(90)": 217.51142000000004,
            "p(95)": 254.70446499999989,
            "avg": 143.19799360000005,
            "min": 36.2021,
            "med": 140.32405,
            "max": 326.4411
        }
    },
    "root_group": {
        "groups": {},
        "checks": {
                "200 OK": {
                    "name": "200 OK",
                    "path": "::200 OK",
                    "id": "e9654c443eff553da9e69eda7007924e",
                    "passes": 323,
                    "fails": 177
                },
                "201 Created": {
                    "passes": 0,
                    "fails": 500,
                    "name": "201 Created",
                    "path": "::201 Created",
                    "id": "728dcd977aae263ca314731145e1d447"
                },
                "204 No Content": {
                    "id": "54fa3c2eda34e1622fda2da5e0479fc5",
                    "passes": 0,
                    "fails": 500,
                    "name": "204 No Content",
                    "path": "::204 No Content"
                },
                "400 Bad Request": {
                    "name": "400 Bad Request",
                    "path": "::400 Bad Request",
                    "id": "eeae81934b9b58bccaf0184a6d070338",
                    "passes": 0,
                    "fails": 500
                },
                "401 Unauthorized": {
                    "name": "401 Unauthorized",
                    "path": "::401 Unauthorized",
                    "id": "6ae9254e6aefe7f0bafe5102fa7e20a5",
                    "passes": 0,
                    "fails": 500
                },
                "403 Forbidden": {
                    "name": "403 Forbidden",
                    "path": "::403 Forbidden",
                    "id": "655548b761742c5a7ad15aa7df3a5d9c",
                    "passes": 0,
                    "fails": 500
                },
                "404 Not Found": {
                    "passes": 0,
                    "fails": 500,
                    "name": "404 Not Found",
                    "path": "::404 Not Found",
                    "id": "df1528f9925ca236bac51008f77b774a"
                },
                "429 Too Many Requests": {
                    "name": "429 Too Many Requests",
                    "path": "::429 Too Many Requests",
                    "id": "b810c35b9499cc7342fd415032e3a6aa",
                    "passes": 0,
                    "fails": 500
                },
                "500 Internal Server Error": {
                    "name": "500 Internal Server Error",
                    "path": "::500 Internal Server Error",
                    "id": "3cd96245b24e869810efe46d533b0eef",
                    "passes": 0,
                    "fails": 500
                },
                "502 Bad Gateway": {
                    "name": "502 Bad Gateway",
                    "path": "::502 Bad Gateway",
                    "id": "712cb0ec189a11f31f0d6d0c0031b569",
                    "passes": 0,
                    "fails": 500
                },
                "503 Service Unavailable": {
                    "name": "503 Service Unavailable",
                    "path": "::503 Service Unavailable",
                    "id": "f1ea1a22be0dc738c385523a66ea1cd9",
                    "passes": 0,
                    "fails": 500
                },
                "504 Gateway Timeout": {
                    "id": "218efb729cb654723ccd57c6ebbebe29",
                    "passes": 0,
                    "fails": 500,
                    "name": "504 Gateway Timeout",
                    "path": "::504 Gateway Timeout"
                }
            },
        "name": "",
        "path": "",
        "id": "d41d8cd98f00b204e9800998ecf8427e"
    }
}