{
    "metrics": {
        "http_reqs": {
            "count": 500,
            "rate": 8.124329236082987
        },
        "http_req_connecting": {
            "min": 2.4625,
            "med": 34.0843,
            "max": 40.9383,
            "p(90)": 37.6397,
            "p(95)": 38.5163,
            "avg": 27.539973399999983
        },
        "checks": {
            "passes": 0,
            "fails": 6000,
            "value": 0
        },
        "http_req_receiving": {
            "avg": 0,
            "min": 0,
            "med": 0,
            "max": 0,
            "p(90)": 0,
            "p(95)": 0
        },
        "vus_max": {
            "value": 500,
            "min": 500,
            "max": 500
        },
        "http_req_waiting": {
            "avg": 59907.49802979997,
            "min": 59841.2413,
            "med": 59913.0573,
            "max": 59963.7956,
            "p(90)": 59941.7448,
            "p(95)": 59950.876565
        },
        "http_req_failed": {
            "passes": 500,
            "fails": 0,
            "value": 1
        },
        "http_req_duration": {
            "avg": 59907.85552919995,
            "min": 59841.2413,
            "med": 59913.25625,
            "max": 59964.6156,
            "p(90)": 59941.75091,
            "p(95)": 59951.392694999995
        },
        "data_sent": {
            "count": 488500,
            "rate": 7937.469663653079
        },
        "vus": {
            "value": 500,
            "min": 500,
            "max": 500
        },
        "http_req_sending": {
            "avg": 0.35749940000000024,
            "min": 0,
            "med": 0,
            "max": 6.997,
            "p(90)": 1.00102,
            "p(95)": 1.0150599999999999
        },
        "iterations": {
            "count": 500,
            "rate": 8.124329236082987
        },
        "http_req_blocked": {
            "avg": 92.85269620000007,
            "min": 36.4281,
            "med": 87.2585,
            "max": 159.4284,
            "p(90)": 135.48675,
            "p(95)": 143.55747499999995
        },
        "http_req_tls_handshaking": {
            "avg": 64.54611220000004,
            "min": 13.792,
            "med": 63.124,
            "max": 139.6434,
            "p(90)": 115.07134,
            "p(95)": 125.55776
        },
        "data_received": {
            "rate": 37355.665827509576,
            "count": 2299000
        },
        "iteration_duration": {
            "med": 61261.67405,
            "max": 61507.3193,
            "p(90)": 61419.22348,
            "p(95)": 61443.967379999995,
            "avg": 61244.247931400016,
            "min": 61000.8247
        }
    },
    "root_group": {
        "path": "",
        "id": "d41d8cd98f00b204e9800998ecf8427e",
        "groups": {},
        "checks": {
                "200 OK": {
                    "path": "::200 OK",
                    "id": "e9654c443eff553da9e69eda7007924e",
                    "passes": 0,
                    "fails": 500,
                    "name": "200 OK"
                },
                "201 Created": {
                    "name": "201 Created",
                    "path": "::201 Created",
                    "id": "728dcd977aae263ca314731145e1d447",
                    "passes": 0,
                    "fails": 500
                },
                "204 No Content": {
                    "name": "204 No Content",
                    "path": "::204 No Content",
                    "id": "54fa3c2eda34e1622fda2da5e0479fc5",
                    "passes": 0,
                    "fails": 500
                },
                "400 Bad Request": {
                    "name": "400 Bad Request",
                    "path": "::400 Bad Request",
                    "id": "eeae81934b9b58bccaf0184a6d070338",
                    "passes": 0,
                    "fails": 500
                },
                "401 Unauthorized": {
                    "passes": 0,
                    "fails": 500,
                    "name": "401 Unauthorized",
                    "path": "::401 Unauthorized",
                    "id": "6ae9254e6aefe7f0bafe5102fa7e20a5"
                },
                "403 Forbidden": {
                    "passes": 0,
                    "fails": 500,
                    "name": "403 Forbidden",
                    "path": "::403 Forbidden",
                    "id": "655548b761742c5a7ad15aa7df3a5d9c"
                },
                "404 Not Found": {
                    "name": "404 Not Found",
                    "path": "::404 Not Found",
                    "id": "df1528f9925ca236bac51008f77b774a",
                    "passes": 0,
                    "fails": 500
                },
                "429 Too Many Requests": {
                    "name": "429 Too Many Requests",
                    "path": "::429 Too Many Requests",
                    "id": "b810c35b9499cc7342fd415032e3a6aa",
                    "passes": 0,
                    "fails": 500
                },
                "500 Internal Server Error": {
                    "id": "3cd96245b24e869810efe46d533b0eef",
                    "passes": 0,
                    "fails": 500,
                    "name": "500 Internal Server Error",
                    "path": "::500 Internal Server Error"
                },
                "502 Bad Gateway": {
                    "name": "502 Bad Gateway",
                    "path": "::502 Bad Gateway",
                    "id": "712cb0ec189a11f31f0d6d0c0031b569",
                    "passes": 0,
                    "fails": 500
                },
                "503 Service Unavailable": {
                    "path": "::503 Service Unavailable",
                    "id": "f1ea1a22be0dc738c385523a66ea1cd9",
                    "passes": 0,
                    "fails": 500,
                    "name": "503 Service Unavailable"
                },
                "504 Gateway Timeout": {
                    "name": "504 Gateway Timeout",
                    "path": "::504 Gateway Timeout",
                    "id": "218efb729cb654723ccd57c6ebbebe29",
                    "passes": 0,
                    "fails": 500
                }
            },
        "name": ""
    }
}