{
    "metrics": {
        "vus_max": {
            "value": 150,
            "min": 150,
            "max": 150
        },
        "http_req_receiving": {
            "max": 3.7216,
            "p(90)": 3.31934,
            "p(95)": 3.4126799999999995,
            "avg": 2.738059333333334,
            "min": 0,
            "med": 2.97075
        },
        "http_req_duration{expected_response:true}": {
            "avg": 50545.127768794315,
            "min": 34043.0156,
            "med": 50713.6857,
            "max": 59888.8614,
            "p(90)": 57776.4184,
            "p(95)": 58082.1686
        },
        "http_req_connecting": {
            "avg": 6.288012666666669,
            "min": 3.2067,
            "med": 6.0424,
            "max": 12.8846,
            "p(90)": 8.3321,
            "p(95)": 8.6499
        },
        "http_req_waiting": {
            "p(90)": 58406.44232,
            "p(95)": 59920.840725,
            "avg": 51105.87232133334,
            "min": 34038.9016,
            "med": 50760.409700000004,
            "max": 59962.5638
        },
        "http_req_tls_handshaking": {
            "avg": 32.929625333333334,
            "min": 7.2425,
            "med": 30.1874,
            "max": 68.4257,
            "p(90)": 58.62793,
            "p(95)": 63.026664999999994
        },
        "http_req_failed": {
            "fails": 141,
            "passes": 9,
            "value": 0.06
        },
        "data_received": {
            "count": 4357582,
            "rate": 71421.71095237514
        },
        "iterations": {
            "count": 150,
            "rate": 2.458532425289133
        },
        "vus": {
            "value": 10,
            "min": 10,
            "max": 150
        },
        "http_req_sending": {
            "avg": 0.25237,
            "min": 0,
            "med": 0,
            "max": 1.0048,
            "p(90)": 0.9997,
            "p(95)": 1.001855
        },
        "iteration_duration": {
            "avg": 52173.554162666675,
            "min": 35107.1951,
            "med": 51809.28795,
            "max": 61004.32,
            "p(90)": 59491.23887,
            "p(95)": 61001.469905
        },
        "http_req_duration": {
            "med": 50763.62685,
            "max": 59962.5638,
            "p(90)": 58410.32673,
            "p(95)": 59921.290455,
            "avg": 51108.86275066665,
            "min": 34043.0156
        },
        "checks": {
            "passes": 141,
            "fails": 1659,
            "value": 0.07833333333333334
        },
        "data_sent": {
            "count": 160050,
            "rate": 2623.254097783505
        },
        "http_reqs": {
            "count": 150,
            "rate": 2.458532425289133
        },
        "http_req_blocked": {
            "p(95)": 96.60510499999998,
            "avg": 63.98265533333335,
            "min": 34.0994,
            "med": 60.8923,
            "max": 103.0537,
            "p(90)": 89.46978999999999
        }
    },
    "root_group": {
        "name": "",
        "path": "",
        "id": "d41d8cd98f00b204e9800998ecf8427e",
        "groups": {},
        "checks": {
                "200 OK": {
                    "path": "::200 OK",
                    "id": "e9654c443eff553da9e69eda7007924e",
                    "passes": 141,
                    "fails": 9,
                    "name": "200 OK"
                },
                "201 Created": {
                    "name": "201 Created",
                    "path": "::201 Created",
                    "id": "728dcd977aae263ca314731145e1d447",
                    "passes": 0,
                    "fails": 150
                },
                "204 No Content": {
                    "name": "204 No Content",
                    "path": "::204 No Content",
                    "id": "54fa3c2eda34e1622fda2da5e0479fc5",
                    "passes": 0,
                    "fails": 150
                },
                "400 Bad Request": {
                    "id": "eeae81934b9b58bccaf0184a6d070338",
                    "passes": 0,
                    "fails": 150,
                    "name": "400 Bad Request",
                    "path": "::400 Bad Request"
                },
                "401 Unauthorized": {
                    "name": "401 Unauthorized",
                    "path": "::401 Unauthorized",
                    "id": "6ae9254e6aefe7f0bafe5102fa7e20a5",
                    "passes": 0,
                    "fails": 150
                },
                "403 Forbidden": {
                    "path": "::403 Forbidden",
                    "id": "655548b761742c5a7ad15aa7df3a5d9c",
                    "passes": 0,
                    "fails": 150,
                    "name": "403 Forbidden"
                },
                "404 Not Found": {
                    "id": "df1528f9925ca236bac51008f77b774a",
                    "passes": 0,
                    "fails": 150,
                    "name": "404 Not Found",
                    "path": "::404 Not Found"
                },
                "429 Too Many Requests": {
                    "name": "429 Too Many Requests",
                    "path": "::429 Too Many Requests",
                    "id": "b810c35b9499cc7342fd415032e3a6aa",
                    "passes": 0,
                    "fails": 150
                },
                "500 Internal Server Error": {
                    "id": "3cd96245b24e869810efe46d533b0eef",
                    "passes": 0,
                    "fails": 150,
                    "name": "500 Internal Server Error",
                    "path": "::500 Internal Server Error"
                },
                "502 Bad Gateway": {
                    "id": "712cb0ec189a11f31f0d6d0c0031b569",
                    "passes": 0,
                    "fails": 150,
                    "name": "502 Bad Gateway",
                    "path": "::502 Bad Gateway"
                },
                "503 Service Unavailable": {
                    "path": "::503 Service Unavailable",
                    "id": "f1ea1a22be0dc738c385523a66ea1cd9",
                    "passes": 0,
                    "fails": 150,
                    "name": "503 Service Unavailable"
                },
                "504 Gateway Timeout": {
                    "path": "::504 Gateway Timeout",
                    "id": "218efb729cb654723ccd57c6ebbebe29",
                    "passes": 0,
                    "fails": 150,
                    "name": "504 Gateway Timeout"
                }
            }
    }
}