{
    "metrics": {
        "http_req_failed": {
            "passes": 0,
            "fails": 9000,
            "value": 0
        },
        "iteration_duration": {
            "avg": 6276.396801533315,
            "min": 2181.6582,
            "med": 6101.013849999999,
            "max": 10568.2946,
            "p(90)": 8403.63982,
            "p(95)": 8881.11108
        },
        "http_req_duration{expected_response:true}": {
            "avg": 3840.1816068333314,
            "min": 534.1799,
            "med": 3616.22435,
            "max": 7344.0023,
            "p(90)": 6145.8924,
            "p(95)": 6466.76597
        },
        "http_req_sending": {
            "med": 0,
            "max": 27.9968,
            "p(90)": 0.9995,
            "p(95)": 1.0009,
            "avg": 0.23330164444444462,
            "min": 0
        },
        "http_reqs": {
            "count": 9000,
            "rate": 804.6163737983759
        },
        "http_req_receiving": {
            "max": 27.4909,
            "p(90)": 0.52961,
            "p(95)": 0.999,
            "avg": 0.1657779000000003,
            "min": 0,
            "med": 0
        },
        "http_req_duration": {
            "min": 534.1799,
            "med": 3616.22435,
            "max": 7344.0023,
            "p(90)": 6145.8924,
            "p(95)": 6466.76597,
            "avg": 3840.1816068333314
        },
        "http_req_connecting": {
            "med": 525.3417999999999,
            "max": 607.4662,
            "p(90)": 567.7682,
            "p(95)": 592.8021,
            "avg": 524.6466797666651,
            "min": 77.0406
        },
        "http_req_waiting": {
            "p(95)": 6466.759660000001,
            "avg": 3839.782527288888,
            "min": 533.1789,
            "med": 3616.22435,
            "max": 7343.9486,
            "p(90)": 6145.25921
        },
        "iterations": {
            "count": 9000,
            "rate": 804.6163737983759
        },
        "http_req_blocked": {
            "avg": 1434.7694888333328,
            "min": 646.0471,
            "med": 1238.1913,
            "max": 2805.9348,
            "p(90)": 2222.1302100000003,
            "p(95)": 2466.54827
        },
        "vus": {
            "value": 73,
            "min": 0,
            "max": 9000
        },
        "http_req_tls_handshaking": {
            "med": 701.8014,
            "max": 2291.7016,
            "p(90)": 1710.68199,
            "p(95)": 1954.1240149999999,
            "avg": 909.5555758555549,
            "min": 505.3887
        },
        "checks": {
            "passes": 9000,
            "fails": 99000,
            "value": 0.08333333333333333
        },
        "data_received": {
            "count": 45063000,
            "rate": 4028714.183608468
        },
        "data_sent": {
            "count": 5400000,
            "rate": 482769.82427902555
        },
        "vus_max": {
            "max": 9000,
            "value": 9000,
            "min": 3585
        }
    },
    "root_group": {
        "name": "",
        "path": "",
        "id": "d41d8cd98f00b204e9800998ecf8427e",
        "groups": {},
        "checks": {
                "200 OK": {
                    "passes": 9000,
                    "fails": 0,
                    "name": "200 OK",
                    "path": "::200 OK",
                    "id": "e9654c443eff553da9e69eda7007924e"
                },
                "201 Created": {
                    "fails": 9000,
                    "name": "201 Created",
                    "path": "::201 Created",
                    "id": "728dcd977aae263ca314731145e1d447",
                    "passes": 0
                },
                "204 No Content": {
                    "name": "204 No Content",
                    "path": "::204 No Content",
                    "id": "54fa3c2eda34e1622fda2da5e0479fc5",
                    "passes": 0,
                    "fails": 9000
                },
                "400 Bad Request": {
                    "passes": 0,
                    "fails": 9000,
                    "name": "400 Bad Request",
                    "path": "::400 Bad Request",
                    "id": "eeae81934b9b58bccaf0184a6d070338"
                },
                "401 Unauthorized": {
                    "name": "401 Unauthorized",
                    "path": "::401 Unauthorized",
                    "id": "6ae9254e6aefe7f0bafe5102fa7e20a5",
                    "passes": 0,
                    "fails": 9000
                },
                "403 Forbidden": {
                    "fails": 9000,
                    "name": "403 Forbidden",
                    "path": "::403 Forbidden",
                    "id": "655548b761742c5a7ad15aa7df3a5d9c",
                    "passes": 0
                },
                "404 Not Found": {
                    "passes": 0,
                    "fails": 9000,
                    "name": "404 Not Found",
                    "path": "::404 Not Found",
                    "id": "df1528f9925ca236bac51008f77b774a"
                },
                "429 Too Many Requests": {
                    "name": "429 Too Many Requests",
                    "path": "::429 Too Many Requests",
                    "id": "b810c35b9499cc7342fd415032e3a6aa",
                    "passes": 0,
                    "fails": 9000
                },
                "500 Internal Server Error": {
                    "id": "3cd96245b24e869810efe46d533b0eef",
                    "passes": 0,
                    "fails": 9000,
                    "name": "500 Internal Server Error",
                    "path": "::500 Internal Server Error"
                },
                "502 Bad Gateway": {
                    "name": "502 Bad Gateway",
                    "path": "::502 Bad Gateway",
                    "id": "712cb0ec189a11f31f0d6d0c0031b569",
                    "passes": 0,
                    "fails": 9000
                },
                "503 Service Unavailable": {
                    "name": "503 Service Unavailable",
                    "path": "::503 Service Unavailable",
                    "id": "f1ea1a22be0dc738c385523a66ea1cd9",
                    "passes": 0,
                    "fails": 9000
                },
                "504 Gateway Timeout": {
                    "name": "504 Gateway Timeout",
                    "path": "::504 Gateway Timeout",
                    "id": "218efb729cb654723ccd57c6ebbebe29",
                    "passes": 0,
                    "fails": 9000
                }
            }
    }
}