{
    "metrics": {
        "data_received": {
            "count": 6194768,
            "rate": 101979.60611350714
        },
        "iteration_duration": {
            "max": 60735.1253,
            "p(90)": 59142.42946,
            "p(95)": 59181.226825000005,
            "avg": 56556.48109766666,
            "min": 52819.0303,
            "med": 58130.69705
        },
        "vus": {
            "min": 2,
            "max": 900,
            "value": 2
        },
        "http_req_failed": {
            "passes": 0,
            "fails": 900,
            "value": 0
        },
        "http_req_waiting": {
            "avg": 55312.546261111114,
            "min": 51576.5764,
            "med": 56888.8402,
            "max": 59330.9083,
            "p(90)": 57874.34914,
            "p(95)": 57973.05891
        },
        "http_reqs": {
            "count": 900,
            "rate": 14.81599399721772
        },
        "http_req_sending": {
            "p(90)": 0.72379,
            "p(95)": 1.0146,
            "avg": 0.2528425555555557,
            "min": 0,
            "med": 0,
            "max": 12.8069
        },
        "http_req_receiving": {
            "p(90)": 0.1547400000000005,
            "p(95)": 0.5506099999999999,
            "avg": 0.05870244444444442,
            "min": 0,
            "med": 0,
            "max": 1.0378
        },
        "iterations": {
            "rate": 14.81599399721772,
            "count": 900
        },
        "vus_max": {
            "max": 900,
            "value": 900,
            "min": 900
        },
        "http_req_blocked": {
            "p(90)": 356.15048,
            "p(95)": 368.85755,
            "avg": 242.73315233333324,
            "min": 114.396,
            "med": 220.48795,
            "max": 408.92
        },
        "data_sent": {
            "rate": 10134.139894096921,
            "count": 615600
        },
        "http_req_duration{expected_response:true}": {
            "min": 51576.5764,
            "med": 56888.8402,
            "max": 59331.9076,
            "p(90)": 57874.8833,
            "p(95)": 57973.05891,
            "avg": 55312.85780611112
        },
        "checks": {
            "fails": 9900,
            "passes": 900,
            "value": 0.08333333333333333
        },
        "http_req_duration": {
            "p(95)": 57973.05891,
            "avg": 55312.85780611112,
            "min": 51576.5764,
            "med": 56888.8402,
            "max": 59331.9076,
            "p(90)": 57874.8833
        },
        "http_req_connecting": {
            "min": 54.073,
            "med": 66.1281,
            "max": 79.1306,
            "p(90)": 71.357,
            "p(95)": 72.0527,
            "avg": 64.88215222222216
        },
        "http_req_tls_handshaking": {
            "p(90)": 215.407,
            "p(95)": 231.29565999999997,
            "avg": 126.91937122222227,
            "min": 50.5576,
            "med": 107.33845,
            "max": 257.6944
        }
    },
    "root_group": {
        "name": "",
        "path": "",
        "id": "d41d8cd98f00b204e9800998ecf8427e",
        "groups": {},
        "checks": {
                "200 OK": {
                    "passes": 900,
                    "fails": 0,
                    "name": "200 OK",
                    "path": "::200 OK",
                    "id": "e9654c443eff553da9e69eda7007924e"
                },
                "201 Created": {
                    "name": "201 Created",
                    "path": "::201 Created",
                    "id": "728dcd977aae263ca314731145e1d447",
                    "passes": 0,
                    "fails": 900
                },
                "204 No Content": {
                    "name": "204 No Content",
                    "path": "::204 No Content",
                    "id": "54fa3c2eda34e1622fda2da5e0479fc5",
                    "passes": 0,
                    "fails": 900
                },
                "400 Bad Request": {
                    "path": "::400 Bad Request",
                    "id": "eeae81934b9b58bccaf0184a6d070338",
                    "passes": 0,
                    "fails": 900,
                    "name": "400 Bad Request"
                },
                "401 Unauthorized": {
                    "passes": 0,
                    "fails": 900,
                    "name": "401 Unauthorized",
                    "path": "::401 Unauthorized",
                    "id": "6ae9254e6aefe7f0bafe5102fa7e20a5"
                },
                "403 Forbidden": {
                    "id": "655548b761742c5a7ad15aa7df3a5d9c",
                    "passes": 0,
                    "fails": 900,
                    "name": "403 Forbidden",
                    "path": "::403 Forbidden"
                },
                "404 Not Found": {
                    "fails": 900,
                    "name": "404 Not Found",
                    "path": "::404 Not Found",
                    "id": "df1528f9925ca236bac51008f77b774a",
                    "passes": 0
                },
                "429 Too Many Requests": {
                    "name": "429 Too Many Requests",
                    "path": "::429 Too Many Requests",
                    "id": "b810c35b9499cc7342fd415032e3a6aa",
                    "passes": 0,
                    "fails": 900
                },
                "500 Internal Server Error": {
                    "passes": 0,
                    "fails": 900,
                    "name": "500 Internal Server Error",
                    "path": "::500 Internal Server Error",
                    "id": "3cd96245b24e869810efe46d533b0eef"
                },
                "502 Bad Gateway": {
                    "id": "712cb0ec189a11f31f0d6d0c0031b569",
                    "passes": 0,
                    "fails": 900,
                    "name": "502 Bad Gateway",
                    "path": "::502 Bad Gateway"
                },
                "503 Service Unavailable": {
                    "id": "f1ea1a22be0dc738c385523a66ea1cd9",
                    "passes": 0,
                    "fails": 900,
                    "name": "503 Service Unavailable",
                    "path": "::503 Service Unavailable"
                },
                "504 Gateway Timeout": {
                    "passes": 0,
                    "fails": 900,
                    "name": "504 Gateway Timeout",
                    "path": "::504 Gateway Timeout",
                    "id": "218efb729cb654723ccd57c6ebbebe29"
                }
            }
    }
}