{
    "metrics": {
        "http_req_waiting": {
            "avg": 752.1165015000001,
            "min": 71.001,
            "med": 786.37995,
            "max": 1284.1205,
            "p(90)": 1134.368,
            "p(95)": 1205.0506649999998
        },
        "http_req_failed": {
            "passes": 0,
            "fails": 1000,
            "value": 0
        },
        "vus_max": {
            "value": 1000,
            "min": 1000,
            "max": 1000
        },
        "iterations": {
            "count": 1000,
            "rate": 170.74022100750798
        },
        "vus": {
            "value": 232,
            "min": 232,
            "max": 1000
        },
        "data_sent": {
            "count": 721000,
            "rate": 123103.69934641325
        },
        "http_req_duration": {
            "max": 1284.1205,
            "p(90)": 1135.44586,
            "p(95)": 1205.1006549999997,
            "avg": 753.1531862999994,
            "min": 73.0007,
            "med": 786.37995
        },
        "data_received": {
            "rate": 2180293.5461494084,
            "count": 12769654
        },
        "checks": {
            "fails": 11000,
            "passes": 1000,
            "value": 0.08333333333333333
        },
        "iteration_duration": {
            "p(90)": 5665.689429999999,
            "p(95)": 5721.2228350000005,
            "avg": 4782.4613011,
            "min": 1246.3161,
            "med": 5298.46025,
            "max": 5840.8457
        },
        "http_req_connecting": {
            "avg": 95.10720160000002,
            "min": 47.0019,
            "med": 99.0007,
            "max": 126.0025,
            "p(90)": 109.00273,
            "p(95)": 111.003425
        },
        "http_req_sending": {
            "avg": 0.6165997000000002,
            "min": 0,
            "med": 0,
            "max": 185.5907,
            "p(90)": 1.0009,
            "p(95)": 1.0038
        },
        "http_req_blocked": {
            "p(90)": 273.81649,
            "p(95)": 356.7228599999999,
            "avg": 218.61785450000013,
            "min": 124.5452,
            "med": 206.0014,
            "max": 440.2111
        },
        "http_req_receiving": {
            "p(90)": 1,
            "p(95)": 1.0771149999999998,
            "avg": 0.42008509999999954,
            "min": 0,
            "med": 0,
            "max": 70.0302
        },
        "http_req_duration{expected_response:true}": {
            "max": 1284.1205,
            "p(90)": 1135.44586,
            "p(95)": 1205.1006549999997,
            "avg": 753.1531862999994,
            "min": 73.0007,
            "med": 786.37995
        },
        "http_req_tls_handshaking": {
            "med": 108.50165,
            "max": 285.5366,
            "p(90)": 182.64879000000002,
            "p(95)": 241.77508999999986,
            "avg": 121.55452759999979,
            "min": 20.207
        },
        "http_reqs": {
            "count": 1000,
            "rate": 170.74022100750798
        }
    },
    "root_group": {
        "name": "",
        "path": "",
        "id": "d41d8cd98f00b204e9800998ecf8427e",
        "groups": {},
        "checks": {
                "200 OK": {
                    "passes": 1000,
                    "fails": 0,
                    "name": "200 OK",
                    "path": "::200 OK",
                    "id": "e9654c443eff553da9e69eda7007924e"
                },
                "201 Created": {
                    "name": "201 Created",
                    "path": "::201 Created",
                    "id": "728dcd977aae263ca314731145e1d447",
                    "passes": 0,
                    "fails": 1000
                },
                "204 No Content": {
                    "name": "204 No Content",
                    "path": "::204 No Content",
                    "id": "54fa3c2eda34e1622fda2da5e0479fc5",
                    "passes": 0,
                    "fails": 1000
                },
                "400 Bad Request": {
                    "id": "eeae81934b9b58bccaf0184a6d070338",
                    "passes": 0,
                    "fails": 1000,
                    "name": "400 Bad Request",
                    "path": "::400 Bad Request"
                },
                "401 Unauthorized": {
                    "name": "401 Unauthorized",
                    "path": "::401 Unauthorized",
                    "id": "6ae9254e6aefe7f0bafe5102fa7e20a5",
                    "passes": 0,
                    "fails": 1000
                },
                "403 Forbidden": {
                    "path": "::403 Forbidden",
                    "id": "655548b761742c5a7ad15aa7df3a5d9c",
                    "passes": 0,
                    "fails": 1000,
                    "name": "403 Forbidden"
                },
                "404 Not Found": {
                    "name": "404 Not Found",
                    "path": "::404 Not Found",
                    "id": "df1528f9925ca236bac51008f77b774a",
                    "passes": 0,
                    "fails": 1000
                },
                "429 Too Many Requests": {
                    "name": "429 Too Many Requests",
                    "path": "::429 Too Many Requests",
                    "id": "b810c35b9499cc7342fd415032e3a6aa",
                    "passes": 0,
                    "fails": 1000
                },
                "500 Internal Server Error": {
                    "id": "3cd96245b24e869810efe46d533b0eef",
                    "passes": 0,
                    "fails": 1000,
                    "name": "500 Internal Server Error",
                    "path": "::500 Internal Server Error"
                },
                "502 Bad Gateway": {
                    "name": "502 Bad Gateway",
                    "path": "::502 Bad Gateway",
                    "id": "712cb0ec189a11f31f0d6d0c0031b569",
                    "passes": 0,
                    "fails": 1000
                },
                "503 Service Unavailable": {
                    "fails": 1000,
                    "name": "503 Service Unavailable",
                    "path": "::503 Service Unavailable",
                    "id": "f1ea1a22be0dc738c385523a66ea1cd9",
                    "passes": 0
                },
                "504 Gateway Timeout": {
                    "name": "504 Gateway Timeout",
                    "path": "::504 Gateway Timeout",
                    "id": "218efb729cb654723ccd57c6ebbebe29",
                    "passes": 0,
                    "fails": 1000
                }
            }
    }
}