{
    "metrics": {
        "http_req_connecting": {
            "p(90)": 974.20829,
            "p(95)": 996.786,
            "avg": 736.7197627999975,
            "min": 37.9997,
            "med": 672.00225,
            "max": 1041.7907
        },
        "http_req_sending": {
            "avg": 0.44356090000000176,
            "min": 0,
            "med": 0,
            "max": 76.4518,
            "p(90)": 1.0009,
            "p(95)": 1.015705
        },
        "http_req_failed": {
            "fails": 10000,
            "passes": 0,
            "value": 0
        },
        "iterations": {
            "count": 10000,
            "rate": 260.86326049264164
        },
        "vus": {
            "value": 964,
            "min": 0,
            "max": 9997
        },
        "http_reqs": {
            "rate": 260.86326049264164,
            "count": 10000
        },
        "checks": {
            "passes": 10000,
            "fails": 110000,
            "value": 0.08333333333333333
        },
        "data_sent": {
            "count": 6550000,
            "rate": 170865.43562268026
        },
        "http_req_blocked": {
            "avg": 2735.08552384001,
            "min": 713.0037,
            "med": 2891.98135,
            "max": 3802.9232,
            "p(90)": 3458.85879,
            "p(95)": 3478.773805
        },
        "vus_max": {
            "value": 10000,
            "min": 3801,
            "max": 10000
        },
        "http_req_receiving": {
            "avg": 0.34669780000000056,
            "min": 0,
            "med": 0,
            "max": 51.0983,
            "p(90)": 0.6604,
            "p(95)": 1.525974999999999
        },
        "http_req_tls_handshaking": {
            "avg": 1997.3047124900095,
            "min": 612.0016,
            "med": 2126.9359,
            "max": 3073.9215,
            "p(90)": 2554.7481,
            "p(95)": 2572.7598
        },
        "data_received": {
            "count": 54379324,
            "rate": 1418556.776202576
        },
        "http_req_waiting": {
            "max": 6086.2831,
            "p(90)": 4588.20579,
            "p(95)": 4667.730304999999,
            "avg": 3235.7792074999925,
            "min": 17.0004,
            "med": 3103.17715
        },
        "http_req_duration": {
            "min": 18.0015,
            "med": 3103.5366,
            "max": 6086.7916,
            "p(90)": 4588.81725,
            "p(95)": 4667.8497,
            "avg": 3236.5694661999987
        },
        "http_req_duration{expected_response:true}": {
            "med": 3103.5366,
            "max": 6086.7916,
            "p(90)": 4588.81725,
            "p(95)": 4667.8497,
            "avg": 3236.5694661999987,
            "min": 18.0015
        },
        "iteration_duration": {
            "p(95)": 37273.69975,
            "avg": 30856.62958764987,
            "min": 2761.9321,
            "med": 33550.619,
            "max": 38237.3707,
            "p(90)": 36913.869959999996
        }
    },
    "root_group": {
        "id": "d41d8cd98f00b204e9800998ecf8427e",
        "groups": {},
        "checks": {
                "200 OK": {
                    "name": "200 OK",
                    "path": "::200 OK",
                    "id": "e9654c443eff553da9e69eda7007924e",
                    "passes": 10000,
                    "fails": 0
                },
                "201 Created": {
                    "name": "201 Created",
                    "path": "::201 Created",
                    "id": "728dcd977aae263ca314731145e1d447",
                    "passes": 0,
                    "fails": 10000
                },
                "204 No Content": {
                    "path": "::204 No Content",
                    "id": "54fa3c2eda34e1622fda2da5e0479fc5",
                    "passes": 0,
                    "fails": 10000,
                    "name": "204 No Content"
                },
                "400 Bad Request": {
                    "name": "400 Bad Request",
                    "path": "::400 Bad Request",
                    "id": "eeae81934b9b58bccaf0184a6d070338",
                    "passes": 0,
                    "fails": 10000
                },
                "401 Unauthorized": {
                    "passes": 0,
                    "fails": 10000,
                    "name": "401 Unauthorized",
                    "path": "::401 Unauthorized",
                    "id": "6ae9254e6aefe7f0bafe5102fa7e20a5"
                },
                "403 Forbidden": {
                    "passes": 0,
                    "fails": 10000,
                    "name": "403 Forbidden",
                    "path": "::403 Forbidden",
                    "id": "655548b761742c5a7ad15aa7df3a5d9c"
                },
                "404 Not Found": {
                    "name": "404 Not Found",
                    "path": "::404 Not Found",
                    "id": "df1528f9925ca236bac51008f77b774a",
                    "passes": 0,
                    "fails": 10000
                },
                "429 Too Many Requests": {
                    "name": "429 Too Many Requests",
                    "path": "::429 Too Many Requests",
                    "id": "b810c35b9499cc7342fd415032e3a6aa",
                    "passes": 0,
                    "fails": 10000
                },
                "500 Internal Server Error": {
                    "name": "500 Internal Server Error",
                    "path": "::500 Internal Server Error",
                    "id": "3cd96245b24e869810efe46d533b0eef",
                    "passes": 0,
                    "fails": 10000
                },
                "502 Bad Gateway": {
                    "path": "::502 Bad Gateway",
                    "id": "712cb0ec189a11f31f0d6d0c0031b569",
                    "passes": 0,
                    "fails": 10000,
                    "name": "502 Bad Gateway"
                },
                "503 Service Unavailable": {
                    "id": "f1ea1a22be0dc738c385523a66ea1cd9",
                    "passes": 0,
                    "fails": 10000,
                    "name": "503 Service Unavailable",
                    "path": "::503 Service Unavailable"
                },
                "504 Gateway Timeout": {
                    "name": "504 Gateway Timeout",
                    "path": "::504 Gateway Timeout",
                    "id": "218efb729cb654723ccd57c6ebbebe29",
                    "passes": 0,
                    "fails": 10000
                }
            },
        "name": "",
        "path": ""
    }
}