{
    "metrics": {
        "http_req_tls_handshaking": {
            "min": 199.999,
            "med": 410.6935,
            "max": 1129.2937,
            "p(90)": 813.5016099999999,
            "p(95)": 940.2743749999994,
            "avg": 504.89662012499906
        },
        "checks": {
            "fails": 44900,
            "passes": 3100,
            "value": 0.06458333333333334
        },
        "vus_max": {
            "value": 4000,
            "min": 3201,
            "max": 4000
        },
        "http_reqs": {
            "count": 4000,
            "rate": 64.49624515195633
        },
        "data_sent": {
            "count": 2558800,
            "rate": 41258.24802370646
        },
        "iterations": {
            "rate": 64.49624515195633,
            "count": 4000
        },
        "vus": {
            "value": 177,
            "min": 0,
            "max": 4000
        },
        "http_req_receiving": {
            "min": 0,
            "med": 0,
            "max": 5.5905,
            "p(90)": 0.03370999999999999,
            "p(95)": 0.542005,
            "avg": 0.06002210000000005
        },
        "http_req_duration{expected_response:true}": {
            "min": 7356.0299,
            "med": 56138.941399999996,
            "max": 59168.7366,
            "p(90)": 58448.90255,
            "p(95)": 58674.15814,
            "avg": 55979.47558948386
        },
        "http_req_connecting": {
            "p(90)": 508.5551,
            "p(95)": 512.77739,
            "avg": 435.9320228750019,
            "min": 320.6887,
            "med": 441.7395,
            "max": 560.1965
        },
        "http_req_sending": {
            "avg": 0.25534057500000007,
            "min": 0,
            "med": 0,
            "max": 28.9985,
            "p(90)": 0.9997,
            "p(95)": 1.0011050000000001
        },
        "http_req_blocked": {
            "avg": 973.6349438749997,
            "min": 527.6894,
            "med": 932.47095,
            "max": 1731.671,
            "p(90)": 1191.26834,
            "p(95)": 1493.3219199999999
        },
        "http_req_failed": {
            "fails": 3100,
            "passes": 900,
            "value": 0.225
        },
        "http_req_duration": {
            "p(95)": 59142.696885,
            "avg": 56663.15094847508,
            "min": 7356.0299,
            "med": 57305.1663,
            "max": 59472.0308,
            "p(90)": 59086.1276
        },
        "iteration_duration": {
            "avg": 58704.34553295012,
            "min": 9103.19,
            "med": 59263.399900000004,
            "max": 61579.5384,
            "p(90)": 61360.87363,
            "p(95)": 61398.063745
        },
        "http_req_waiting": {
            "p(95)": 59142.696885,
            "avg": 56662.835585800094,
            "min": 7356.0299,
            "med": 57305.094450000004,
            "max": 59472.0308,
            "p(90)": 59085.474669999996
        },
        "data_received": {
            "count": 27800766,
            "rate": 448261.25483704306
        }
    },
    "root_group": {
        "checks": {
            "200 OK": {
                "name": "200 OK",
                "path": "::200 OK",
                "id": "e9654c443eff553da9e69eda7007924e",
                "passes": 3100,
                "fails": 900
            },
            "201 Created": {
                "path": "::201 Created",
                "id": "728dcd977aae263ca314731145e1d447",
                "passes": 0,
                "fails": 4000,
                "name": "201 Created"
            },
            "204 No Content": {
                "passes": 0,
                "fails": 4000,
                "name": "204 No Content",
                "path": "::204 No Content",
                "id": "54fa3c2eda34e1622fda2da5e0479fc5"
            },
            "400 Bad Request": {
                "name": "400 Bad Request",
                "path": "::400 Bad Request",
                "id": "eeae81934b9b58bccaf0184a6d070338",
                "passes": 0,
                "fails": 4000
            },
            "401 Unauthorized": {
                "fails": 4000,
                "name": "401 Unauthorized",
                "path": "::401 Unauthorized",
                "id": "6ae9254e6aefe7f0bafe5102fa7e20a5",
                "passes": 0
            },
            "403 Forbidden": {
                "passes": 0,
                "fails": 4000,
                "name": "403 Forbidden",
                "path": "::403 Forbidden",
                "id": "655548b761742c5a7ad15aa7df3a5d9c"
            },
            "404 Not Found": {
                "name": "404 Not Found",
                "path": "::404 Not Found",
                "id": "df1528f9925ca236bac51008f77b774a",
                "passes": 0,
                "fails": 4000
            },
            "429 Too Many Requests": {
                "id": "b810c35b9499cc7342fd415032e3a6aa",
                "passes": 0,
                "fails": 4000,
                "name": "429 Too Many Requests",
                "path": "::429 Too Many Requests"
            },
            "500 Internal Server Error": {
                "name": "500 Internal Server Error",
                "path": "::500 Internal Server Error",
                "id": "3cd96245b24e869810efe46d533b0eef",
                "passes": 0,
                "fails": 4000
            },
            "502 Bad Gateway": {
                "path": "::502 Bad Gateway",
                "id": "712cb0ec189a11f31f0d6d0c0031b569",
                "passes": 0,
                "fails": 4000,
                "name": "502 Bad Gateway"
            },
            "503 Service Unavailable": {
                "name": "503 Service Unavailable",
                "path": "::503 Service Unavailable",
                "id": "f1ea1a22be0dc738c385523a66ea1cd9",
                "passes": 0,
                "fails": 4000
            },
            "504 Gateway Timeout": {
                "id": "218efb729cb654723ccd57c6ebbebe29",
                "passes": 0,
                "fails": 4000,
                "name": "504 Gateway Timeout",
                "path": "::504 Gateway Timeout"
            }
        },
        "name": "",
        "path": "",
        "id": "d41d8cd98f00b204e9800998ecf8427e",
        "groups": {}
    }
}