{
    "metrics": {
        "checks": {
            "passes": 10000,
            "fails": 110000,
            "value": 0.08333333333333333
        },
        "http_req_duration": {
            "max": 10395.3326,
            "p(90)": 8727.02655,
            "p(95)": 9612.551484999998,
            "avg": 5960.942404550004,
            "min": 607.0435,
            "med": 5608.11775
        },
        "iteration_duration": {
            "avg": 8619.170731199989,
            "min": 2380.7919,
            "med": 8300.72175,
            "max": 13095.5995,
            "p(90)": 11335.07833,
            "p(95)": 12653.86606
        },
        "data_sent": {
            "count": 6550000,
            "rate": 477771.42548451456
        },
        "http_req_blocked": {
            "p(95)": 2480.89379,
            "avg": 1657.5289993899853,
            "min": 768.288,
            "med": 1541.09725,
            "max": 2840.661,
            "p(90)": 2276.33707
        },
        "vus": {
            "value": 466,
            "min": 0,
            "max": 10000
        },
        "http_req_duration{expected_response:true}": {
            "p(95)": 9612.551484999998,
            "avg": 5960.942404550004,
            "min": 607.0435,
            "med": 5608.11775,
            "max": 10395.3326,
            "p(90)": 8727.02655
        },
        "http_req_failed": {
            "passes": 0,
            "fails": 10000,
            "value": 0
        },
        "http_req_connecting": {
            "p(95)": 715.6126,
            "avg": 661.4754873799978,
            "min": 51.9999,
            "med": 674.0913,
            "max": 722.8224,
            "p(90)": 713.6172
        },
        "http_req_waiting": {
            "avg": 5960.576971139998,
            "min": 607.0435,
            "med": 5607.9074,
            "max": 10395.3326,
            "p(90)": 8726.454220000001,
            "p(95)": 9612.551484999998
        },
        "vus_max": {
            "min": 3617,
            "max": 10000,
            "value": 10000
        },
        "http_req_receiving": {
            "avg": 0.07157921000000002,
            "min": 0,
            "med": 0,
            "max": 18.4805,
            "p(90)": 0.09853000000000048,
            "p(95)": 0.5415
        },
        "iterations": {
            "count": 10000,
            "rate": 729.4220236404802
        },
        "http_reqs": {
            "count": 10000,
            "rate": 729.4220236404802
        },
        "http_req_tls_handshaking": {
            "med": 858.44835,
            "max": 2172.0199,
            "p(90)": 1630.3795,
            "p(95)": 1839.8637649999991,
            "avg": 995.2781932699984,
            "min": 576.3438
        },
        "data_received": {
            "count": 54330044,
            "rate": 3962953.0638956334
        },
        "http_req_sending": {
            "p(95)": 1.0016,
            "avg": 0.2938541999999994,
            "min": 0,
            "med": 0,
            "max": 37.9981,
            "p(90)": 1.0001
        }
    },
    "root_group": {
        "id": "d41d8cd98f00b204e9800998ecf8427e",
        "groups": {},
        "checks": {
                "200 OK": {
                    "id": "e9654c443eff553da9e69eda7007924e",
                    "passes": 10000,
                    "fails": 0,
                    "name": "200 OK",
                    "path": "::200 OK"
                },
                "201 Created": {
                    "name": "201 Created",
                    "path": "::201 Created",
                    "id": "728dcd977aae263ca314731145e1d447",
                    "passes": 0,
                    "fails": 10000
                },
                "204 No Content": {
                    "name": "204 No Content",
                    "path": "::204 No Content",
                    "id": "54fa3c2eda34e1622fda2da5e0479fc5",
                    "passes": 0,
                    "fails": 10000
                },
                "400 Bad Request": {
                    "name": "400 Bad Request",
                    "path": "::400 Bad Request",
                    "id": "eeae81934b9b58bccaf0184a6d070338",
                    "passes": 0,
                    "fails": 10000
                },
                "401 Unauthorized": {
                    "fails": 10000,
                    "name": "401 Unauthorized",
                    "path": "::401 Unauthorized",
                    "id": "6ae9254e6aefe7f0bafe5102fa7e20a5",
                    "passes": 0
                },
                "403 Forbidden": {
                    "name": "403 Forbidden",
                    "path": "::403 Forbidden",
                    "id": "655548b761742c5a7ad15aa7df3a5d9c",
                    "passes": 0,
                    "fails": 10000
                },
                "404 Not Found": {
                    "id": "df1528f9925ca236bac51008f77b774a",
                    "passes": 0,
                    "fails": 10000,
                    "name": "404 Not Found",
                    "path": "::404 Not Found"
                },
                "429 Too Many Requests": {
                    "fails": 10000,
                    "name": "429 Too Many Requests",
                    "path": "::429 Too Many Requests",
                    "id": "b810c35b9499cc7342fd415032e3a6aa",
                    "passes": 0
                },
                "500 Internal Server Error": {
                    "id": "3cd96245b24e869810efe46d533b0eef",
                    "passes": 0,
                    "fails": 10000,
                    "name": "500 Internal Server Error",
                    "path": "::500 Internal Server Error"
                },
                "502 Bad Gateway": {
                    "name": "502 Bad Gateway",
                    "path": "::502 Bad Gateway",
                    "id": "712cb0ec189a11f31f0d6d0c0031b569",
                    "passes": 0,
                    "fails": 10000
                },
                "503 Service Unavailable": {
                    "path": "::503 Service Unavailable",
                    "id": "f1ea1a22be0dc738c385523a66ea1cd9",
                    "passes": 0,
                    "fails": 10000,
                    "name": "503 Service Unavailable"
                },
                "504 Gateway Timeout": {
                    "id": "218efb729cb654723ccd57c6ebbebe29",
                    "passes": 0,
                    "fails": 10000,
                    "name": "504 Gateway Timeout",
                    "path": "::504 Gateway Timeout"
                }
            },
        "name": "",
        "path": ""
    }
}