{
    "metrics": {
        "http_req_duration": {
            "p(90)": 7463.644540000007,
            "p(95)": 8747.36478,
            "avg": 4502.413759240008,
            "min": 292.0015,
            "med": 4458.105799999999,
            "max": 9893.6626
        },
        "http_req_blocked": {
            "p(95)": 1365.94399,
            "avg": 972.5017530800025,
            "min": 427.6349,
            "med": 923.8032000000001,
            "max": 1675.3723,
            "p(90)": 1340.0522400000002
        },
        "checks": {
            "fails": 55000,
            "passes": 5000,
            "value": 0.08333333333333333
        },
        "iteration_duration": {
            "p(95)": 11008.302885,
            "avg": 6475.172507860009,
            "min": 1959.5431,
            "med": 6464.25825,
            "max": 12275.2158,
            "p(90)": 9636.393990000002
        },
        "iterations": {
            "count": 5000,
            "rate": 395.93408948561785
        },
        "vus_max": {
            "value": 5000,
            "min": 3846,
            "max": 5000
        },
        "http_req_tls_handshaking": {
            "max": 1342.0543,
            "p(90)": 1025.05061,
            "p(95)": 1054.094955,
            "avg": 641.2552576400004,
            "min": 292.0015,
            "med": 593.0008
        },
        "data_received": {
            "count": 50288645,
            "rate": 3982197.773908094
        },
        "http_req_failed": {
            "passes": 0,
            "fails": 5000,
            "value": 0
        },
        "data_sent": {
            "count": 3265000,
            "rate": 258544.96043410848
        },
        "vus": {
            "value": 16,
            "min": 0,
            "max": 5000
        },
        "http_req_duration{expected_response:true}": {
            "p(95)": 8747.36478,
            "avg": 4502.413759240008,
            "min": 292.0015,
            "med": 4458.105799999999,
            "max": 9893.6626,
            "p(90)": 7463.644540000007
        },
        "http_req_waiting": {
            "avg": 4501.484644439997,
            "min": 290.0006,
            "med": 4456.07585,
            "max": 9893.6626,
            "p(90)": 7463.244560000006,
            "p(95)": 8746.33596
        },
        "http_req_connecting": {
            "min": 92.7988,
            "med": 324.0047,
            "max": 481.8502,
            "p(90)": 331.8285,
            "p(95)": 333.6492,
            "avg": 318.6721011200005
        },
        "http_req_sending": {
            "med": 0,
            "max": 832.0519,
            "p(90)": 1.0008,
            "p(95)": 1.002305,
            "avg": 0.5653351599999995,
            "min": 0
        },
        "http_reqs": {
            "count": 5000,
            "rate": 395.93408948561785
        },
        "http_req_receiving": {
            "min": 0,
            "med": 0,
            "max": 44.3724,
            "p(90)": 0.9998,
            "p(95)": 2.0003,
            "avg": 0.36377964
        }
    },
    "root_group": {
        "name": "",
        "path": "",
        "id": "d41d8cd98f00b204e9800998ecf8427e",
        "groups": {},
        "checks": {
                "200 OK": {
                    "path": "::200 OK",
                    "id": "e9654c443eff553da9e69eda7007924e",
                    "passes": 5000,
                    "fails": 0,
                    "name": "200 OK"
                },
                "201 Created": {
                    "passes": 0,
                    "fails": 5000,
                    "name": "201 Created",
                    "path": "::201 Created",
                    "id": "728dcd977aae263ca314731145e1d447"
                },
                "204 No Content": {
                    "fails": 5000,
                    "name": "204 No Content",
                    "path": "::204 No Content",
                    "id": "54fa3c2eda34e1622fda2da5e0479fc5",
                    "passes": 0
                },
                "400 Bad Request": {
                    "name": "400 Bad Request",
                    "path": "::400 Bad Request",
                    "id": "eeae81934b9b58bccaf0184a6d070338",
                    "passes": 0,
                    "fails": 5000
                },
                "401 Unauthorized": {
                    "path": "::401 Unauthorized",
                    "id": "6ae9254e6aefe7f0bafe5102fa7e20a5",
                    "passes": 0,
                    "fails": 5000,
                    "name": "401 Unauthorized"
                },
                "403 Forbidden": {
                    "path": "::403 Forbidden",
                    "id": "655548b761742c5a7ad15aa7df3a5d9c",
                    "passes": 0,
                    "fails": 5000,
                    "name": "403 Forbidden"
                },
                "404 Not Found": {
                    "name": "404 Not Found",
                    "path": "::404 Not Found",
                    "id": "df1528f9925ca236bac51008f77b774a",
                    "passes": 0,
                    "fails": 5000
                },
                "429 Too Many Requests": {
                    "id": "b810c35b9499cc7342fd415032e3a6aa",
                    "passes": 0,
                    "fails": 5000,
                    "name": "429 Too Many Requests",
                    "path": "::429 Too Many Requests"
                },
                "500 Internal Server Error": {
                    "passes": 0,
                    "fails": 5000,
                    "name": "500 Internal Server Error",
                    "path": "::500 Internal Server Error",
                    "id": "3cd96245b24e869810efe46d533b0eef"
                },
                "502 Bad Gateway": {
                    "id": "712cb0ec189a11f31f0d6d0c0031b569",
                    "passes": 0,
                    "fails": 5000,
                    "name": "502 Bad Gateway",
                    "path": "::502 Bad Gateway"
                },
                "503 Service Unavailable": {
                    "passes": 0,
                    "fails": 5000,
                    "name": "503 Service Unavailable",
                    "path": "::503 Service Unavailable",
                    "id": "f1ea1a22be0dc738c385523a66ea1cd9"
                },
                "504 Gateway Timeout": {
                    "id": "218efb729cb654723ccd57c6ebbebe29",
                    "passes": 0,
                    "fails": 5000,
                    "name": "504 Gateway Timeout",
                    "path": "::504 Gateway Timeout"
                }
            }
    }
}