{
    "metrics": {
        "http_req_duration": {
            "min": 692.2725,
            "med": 7522.618399999999,
            "max": 12823.2809,
            "p(90)": 10446.423910000001,
            "p(95)": 11549.585174999997,
            "avg": 7513.4751665899885
        },
        "http_reqs": {
            "rate": 599.8671450239231,
            "count": 10000
        },
        "http_req_waiting": {
            "p(90)": 10446.321810000001,
            "p(95)": 11549.585174999997,
            "avg": 7512.774739709988,
            "min": 685.6297,
            "med": 7521.6307,
            "max": 12823.2809
        },
        "iterations": {
            "count": 10000,
            "rate": 599.8671450239231
        },
        "vus": {
            "min": 0,
            "max": 10000,
            "value": 141
        },
        "http_req_sending": {
            "avg": 0.33482000000000073,
            "min": 0,
            "med": 0,
            "max": 46.961,
            "p(90)": 1.0004,
            "p(95)": 1.0155
        },
        "data_sent": {
            "count": 7210000,
            "rate": 432504.21156224847
        },
        "checks": {
            "fails": 110000,
            "passes": 10000,
            "value": 0.08333333333333333
        },
        "http_req_connecting": {
            "avg": 649.4916999500016,
            "min": 50.7986,
            "med": 664.3713,
            "max": 743.0676,
            "p(90)": 718.7024,
            "p(95)": 721.787575
        },
        "http_req_tls_handshaking": {
            "p(90)": 1379.36658,
            "p(95)": 1426.987,
            "avg": 1057.9386369500032,
            "min": 567.6866,
            "med": 1065.9896,
            "max": 1541.2113
        },
        "http_req_failed": {
            "passes": 0,
            "fails": 10000,
            "value": 0
        },
        "iteration_duration": {
            "avg": 10239.826454790005,
            "min": 2836.2543,
            "med": 10247.50655,
            "max": 15746.0035,
            "p(90)": 13174.154310000002,
            "p(95)": 14373.03903499999
        },
        "http_req_blocked": {
            "p(95)": 2117.125545,
            "avg": 1725.271384800004,
            "min": 618.4852,
            "med": 1748.7562,
            "max": 2232.8038,
            "p(90)": 2055.10593
        },
        "http_req_receiving": {
            "med": 0,
            "max": 37.8952,
            "p(90)": 1.0012,
            "p(95)": 1.1466,
            "avg": 0.3656068799999985,
            "min": 0
        },
        "http_req_duration{expected_response:true}": {
            "max": 12823.2809,
            "p(90)": 10446.423910000001,
            "p(95)": 11549.585174999997,
            "avg": 7513.4751665899885,
            "min": 692.2725,
            "med": 7522.618399999999
        },
        "vus_max": {
            "value": 10000,
            "min": 3492,
            "max": 10000
        },
        "data_received": {
            "count": 127717748,
            "rate": 7661368.086164486
        }
    },
    "root_group": {
        "groups": {},
        "checks": {
                "200 OK": {
                    "passes": 10000,
                    "fails": 0,
                    "name": "200 OK",
                    "path": "::200 OK",
                    "id": "e9654c443eff553da9e69eda7007924e"
                },
                "201 Created": {
                    "path": "::201 Created",
                    "id": "728dcd977aae263ca314731145e1d447",
                    "passes": 0,
                    "fails": 10000,
                    "name": "201 Created"
                },
                "204 No Content": {
                    "name": "204 No Content",
                    "path": "::204 No Content",
                    "id": "54fa3c2eda34e1622fda2da5e0479fc5",
                    "passes": 0,
                    "fails": 10000
                },
                "400 Bad Request": {
                    "name": "400 Bad Request",
                    "path": "::400 Bad Request",
                    "id": "eeae81934b9b58bccaf0184a6d070338",
                    "passes": 0,
                    "fails": 10000
                },
                "401 Unauthorized": {
                    "name": "401 Unauthorized",
                    "path": "::401 Unauthorized",
                    "id": "6ae9254e6aefe7f0bafe5102fa7e20a5",
                    "passes": 0,
                    "fails": 10000
                },
                "403 Forbidden": {
                    "fails": 10000,
                    "name": "403 Forbidden",
                    "path": "::403 Forbidden",
                    "id": "655548b761742c5a7ad15aa7df3a5d9c",
                    "passes": 0
                },
                "404 Not Found": {
                    "path": "::404 Not Found",
                    "id": "df1528f9925ca236bac51008f77b774a",
                    "passes": 0,
                    "fails": 10000,
                    "name": "404 Not Found"
                },
                "429 Too Many Requests": {
                    "name": "429 Too Many Requests",
                    "path": "::429 Too Many Requests",
                    "id": "b810c35b9499cc7342fd415032e3a6aa",
                    "passes": 0,
                    "fails": 10000
                },
                "500 Internal Server Error": {
                    "path": "::500 Internal Server Error",
                    "id": "3cd96245b24e869810efe46d533b0eef",
                    "passes": 0,
                    "fails": 10000,
                    "name": "500 Internal Server Error"
                },
                "502 Bad Gateway": {
                    "fails": 10000,
                    "name": "502 Bad Gateway",
                    "path": "::502 Bad Gateway",
                    "id": "712cb0ec189a11f31f0d6d0c0031b569",
                    "passes": 0
                },
                "503 Service Unavailable": {
                    "fails": 10000,
                    "name": "503 Service Unavailable",
                    "path": "::503 Service Unavailable",
                    "id": "f1ea1a22be0dc738c385523a66ea1cd9",
                    "passes": 0
                },
                "504 Gateway Timeout": {
                    "id": "218efb729cb654723ccd57c6ebbebe29",
                    "passes": 0,
                    "fails": 10000,
                    "name": "504 Gateway Timeout",
                    "path": "::504 Gateway Timeout"
                }
            },
        "name": "",
        "path": "",
        "id": "d41d8cd98f00b204e9800998ecf8427e"
    }
}