{
    "metrics": {
        "http_req_sending": {
            "p(95)": 1.00172,
            "avg": 0.29512571428571416,
            "min": 0,
            "med": 0,
            "max": 16.9743,
            "p(90)": 0.9984
        },
        "vus_max": {
            "min": 700,
            "max": 700,
            "value": 700
        },
        "data_sent": {
            "rate": 9084.438434276455,
            "count": 427700
        },
        "http_req_failed": {
            "passes": 0,
            "fails": 700,
            "value": 0
        },
        "http_req_blocked": {
            "p(95)": 199.22142999999997,
            "avg": 132.15344300000007,
            "min": 69.7403,
            "med": 127.67235,
            "max": 253.5625,
            "p(90)": 181.1749
        },
        "http_req_connecting": {
            "avg": 36.87065671428571,
            "min": 4.002,
            "med": 40.61585,
            "max": 77.74,
            "p(90)": 44.67916,
            "p(95)": 47.01481999999999
        },
        "http_req_receiving": {
            "avg": 0.05869499999999998,
            "min": 0,
            "med": 0,
            "max": 1.4326,
            "p(90)": 0.04526000000000001,
            "p(95)": 0.5356549999999999
        },
        "data_received": {
            "count": 5507689,
            "rate": 116984.47892364193
        },
        "http_req_tls_handshaking": {
            "med": 77.9861,
            "max": 161.5045,
            "p(90)": 125.48829,
            "p(95)": 134.363135,
            "avg": 80.58871785714284,
            "min": 27.7267
        },
        "iteration_duration": {
            "avg": 44239.12116871432,
            "min": 41249.3268,
            "med": 45576.768599999996,
            "max": 46947.7414,
            "p(90)": 46287.13384,
            "p(95)": 46305.968830000005
        },
        "http_req_duration": {
            "avg": 43106.301173285676,
            "min": 40131.2757,
            "med": 44449.84485,
            "max": 45777.6017,
            "p(90)": 45135.25598,
            "p(95)": 45193.713234999996
        },
        "http_req_duration{expected_response:true}": {
            "p(90)": 45135.25598,
            "p(95)": 45193.713234999996,
            "avg": 43106.301173285676,
            "min": 40131.2757,
            "med": 44449.84485,
            "max": 45777.6017
        },
        "checks": {
            "passes": 700,
            "fails": 7700,
            "value": 0.08333333333333333
        },
        "iterations": {
            "count": 700,
            "rate": 14.86814801027243
        },
        "http_req_waiting": {
            "p(95)": 45193.713234999996,
            "avg": 43105.94735257136,
            "min": 40130.2606,
            "med": 44449.84485,
            "max": 45777.6017,
            "p(90)": 45135.25598
        },
        "vus": {
            "value": 7,
            "min": 7,
            "max": 700
        },
        "http_reqs": {
            "rate": 14.86814801027243,
            "count": 700
        }
    },
    "root_group": {
        "name": "",
        "path": "",
        "id": "d41d8cd98f00b204e9800998ecf8427e",
        "groups": {},
        "checks": {
                "200 OK": {
                    "passes": 700,
                    "fails": 0,
                    "name": "200 OK",
                    "path": "::200 OK",
                    "id": "e9654c443eff553da9e69eda7007924e"
                },
                "201 Created": {
                    "name": "201 Created",
                    "path": "::201 Created",
                    "id": "728dcd977aae263ca314731145e1d447",
                    "passes": 0,
                    "fails": 700
                },
                "204 No Content": {
                    "name": "204 No Content",
                    "path": "::204 No Content",
                    "id": "54fa3c2eda34e1622fda2da5e0479fc5",
                    "passes": 0,
                    "fails": 700
                },
                "400 Bad Request": {
                    "name": "400 Bad Request",
                    "path": "::400 Bad Request",
                    "id": "eeae81934b9b58bccaf0184a6d070338",
                    "passes": 0,
                    "fails": 700
                },
                "401 Unauthorized": {
                    "name": "401 Unauthorized",
                    "path": "::401 Unauthorized",
                    "id": "6ae9254e6aefe7f0bafe5102fa7e20a5",
                    "passes": 0,
                    "fails": 700
                },
                "403 Forbidden": {
                    "path": "::403 Forbidden",
                    "id": "655548b761742c5a7ad15aa7df3a5d9c",
                    "passes": 0,
                    "fails": 700,
                    "name": "403 Forbidden"
                },
                "404 Not Found": {
                    "name": "404 Not Found",
                    "path": "::404 Not Found",
                    "id": "df1528f9925ca236bac51008f77b774a",
                    "passes": 0,
                    "fails": 700
                },
                "429 Too Many Requests": {
                    "path": "::429 Too Many Requests",
                    "id": "b810c35b9499cc7342fd415032e3a6aa",
                    "passes": 0,
                    "fails": 700,
                    "name": "429 Too Many Requests"
                },
                "500 Internal Server Error": {
                    "name": "500 Internal Server Error",
                    "path": "::500 Internal Server Error",
                    "id": "3cd96245b24e869810efe46d533b0eef",
                    "passes": 0,
                    "fails": 700
                },
                "502 Bad Gateway": {
                    "id": "712cb0ec189a11f31f0d6d0c0031b569",
                    "passes": 0,
                    "fails": 700,
                    "name": "502 Bad Gateway",
                    "path": "::502 Bad Gateway"
                },
                "503 Service Unavailable": {
                    "passes": 0,
                    "fails": 700,
                    "name": "503 Service Unavailable",
                    "path": "::503 Service Unavailable",
                    "id": "f1ea1a22be0dc738c385523a66ea1cd9"
                },
                "504 Gateway Timeout": {
                    "name": "504 Gateway Timeout",
                    "path": "::504 Gateway Timeout",
                    "id": "218efb729cb654723ccd57c6ebbebe29",
                    "passes": 0,
                    "fails": 700
                }
            }
    }
}