{
    "metrics": {
        "http_req_blocked": {
            "avg": 976.5009893499993,
            "min": 480.1022,
            "med": 979.377,
            "max": 1165.2804,
            "p(90)": 1085.4389,
            "p(95)": 1100.28247
        },
        "http_req_waiting": {
            "p(90)": 1730.41622,
            "p(95)": 1907.844375,
            "avg": 1112.5932348500028,
            "min": 4.9986,
            "med": 1125.59165,
            "max": 2183.983
        },
        "checks": {
            "passes": 4000,
            "fails": 44000,
            "value": 0.08333333333333333
        },
        "http_req_receiving": {
            "max": 11.8443,
            "p(90)": 0.51482,
            "p(95)": 0.998705,
            "avg": 0.14783262500000002,
            "min": 0,
            "med": 0
        },
        "data_received": {
            "count": 20060440,
            "rate": 4648319.369332828
        },
        "http_reqs": {
            "count": 4000,
            "rate": 926.8628942002922
        },
        "data_sent": {
            "rate": 557971.4623085759,
            "count": 2408000
        },
        "vus_max": {
            "max": 4000,
            "value": 4000,
            "min": 3381
        },
        "http_req_duration{expected_response:true}": {
            "avg": 1113.0084560000018,
            "min": 4.9986,
            "med": 1125.7191,
            "max": 2184.5191,
            "p(90)": 1730.4504299999999,
            "p(95)": 1908.3431249999999
        },
        "iteration_duration": {
            "min": 1604.1989,
            "med": 3120.62685,
            "max": 4146.3595,
            "p(90)": 3786.3935300000003,
            "p(95)": 3889.318155,
            "avg": 3090.768139174989
        },
        "http_req_tls_handshaking": {
            "med": 520.1004,
            "max": 643.6832,
            "p(90)": 597.679,
            "p(95)": 600.6817,
            "avg": 495.229655274998,
            "min": 148.9991
        },
        "http_req_failed": {
            "passes": 0,
            "fails": 4000,
            "value": 0
        },
        "http_req_duration": {
            "avg": 1113.0084560000018,
            "min": 4.9986,
            "med": 1125.7191,
            "max": 2184.5191,
            "p(90)": 1730.4504299999999,
            "p(95)": 1908.3431249999999
        },
        "http_req_connecting": {
            "min": 77.9992,
            "med": 502.0665,
            "max": 700.6775,
            "p(90)": 617.1827099999999,
            "p(95)": 630.1826,
            "avg": 480.43010397499984
        },
        "http_req_sending": {
            "max": 27.0036,
            "p(90)": 1,
            "p(95)": 1.0013,
            "avg": 0.2673885249999997,
            "min": 0,
            "med": 0
        },
        "iterations": {
            "count": 4000,
            "rate": 926.8628942002922
        },
        "vus": {
            "value": 604,
            "min": 0,
            "max": 4000
        }
    },
    "root_group": {
        "name": "",
        "path": "",
        "id": "d41d8cd98f00b204e9800998ecf8427e",
        "groups": {},
        "checks": {
                "200 OK": {
                    "passes": 4000,
                    "fails": 0,
                    "name": "200 OK",
                    "path": "::200 OK",
                    "id": "e9654c443eff553da9e69eda7007924e"
                },
                "201 Created": {
                    "id": "728dcd977aae263ca314731145e1d447",
                    "passes": 0,
                    "fails": 4000,
                    "name": "201 Created",
                    "path": "::201 Created"
                },
                "204 No Content": {
                    "name": "204 No Content",
                    "path": "::204 No Content",
                    "id": "54fa3c2eda34e1622fda2da5e0479fc5",
                    "passes": 0,
                    "fails": 4000
                },
                "400 Bad Request": {
                    "name": "400 Bad Request",
                    "path": "::400 Bad Request",
                    "id": "eeae81934b9b58bccaf0184a6d070338",
                    "passes": 0,
                    "fails": 4000
                },
                "401 Unauthorized": {
                    "name": "401 Unauthorized",
                    "path": "::401 Unauthorized",
                    "id": "6ae9254e6aefe7f0bafe5102fa7e20a5",
                    "passes": 0,
                    "fails": 4000
                },
                "403 Forbidden": {
                    "fails": 4000,
                    "name": "403 Forbidden",
                    "path": "::403 Forbidden",
                    "id": "655548b761742c5a7ad15aa7df3a5d9c",
                    "passes": 0
                },
                "404 Not Found": {
                    "id": "df1528f9925ca236bac51008f77b774a",
                    "passes": 0,
                    "fails": 4000,
                    "name": "404 Not Found",
                    "path": "::404 Not Found"
                },
                "429 Too Many Requests": {
                    "passes": 0,
                    "fails": 4000,
                    "name": "429 Too Many Requests",
                    "path": "::429 Too Many Requests",
                    "id": "b810c35b9499cc7342fd415032e3a6aa"
                },
                "500 Internal Server Error": {
                    "id": "3cd96245b24e869810efe46d533b0eef",
                    "passes": 0,
                    "fails": 4000,
                    "name": "500 Internal Server Error",
                    "path": "::500 Internal Server Error"
                },
                "502 Bad Gateway": {
                    "name": "502 Bad Gateway",
                    "path": "::502 Bad Gateway",
                    "id": "712cb0ec189a11f31f0d6d0c0031b569",
                    "passes": 0,
                    "fails": 4000
                },
                "503 Service Unavailable": {
                    "name": "503 Service Unavailable",
                    "path": "::503 Service Unavailable",
                    "id": "f1ea1a22be0dc738c385523a66ea1cd9",
                    "passes": 0,
                    "fails": 4000
                },
                "504 Gateway Timeout": {
                    "fails": 4000,
                    "name": "504 Gateway Timeout",
                    "path": "::504 Gateway Timeout",
                    "id": "218efb729cb654723ccd57c6ebbebe29",
                    "passes": 0
                }
            }
    }
}