{
    "metrics": {
        "vus": {
            "value": 148,
            "min": 148,
            "max": 2000
        },
        "data_received": {
            "count": 63376391,
            "rate": 1324612.0975594118
        },
        "http_req_failed": {
            "passes": 0,
            "fails": 2000,
            "value": 0
        },
        "http_req_duration": {
            "max": 46451.596,
            "p(90)": 45890.336310000006,
            "p(95)": 46004.979224999995,
            "avg": 42922.68211574998,
            "min": 39025.5634,
            "med": 42590.17155
        },
        "checks": {
            "passes": 2000,
            "fails": 22000,
            "value": 0.08333333333333333
        },
        "http_req_receiving": {
            "avg": 3.185507000000006,
            "min": 0,
            "med": 3.00075,
            "max": 28.9986,
            "p(90)": 3.703030000000001,
            "p(95)": 4.012275
        },
        "vus_max": {
            "max": 2000,
            "value": 2000,
            "min": 2000
        },
        "http_req_sending": {
            "avg": 0.24176489999999984,
            "min": 0,
            "med": 0,
            "max": 24.0019,
            "p(90)": 0.9997,
            "p(95)": 1.001
        },
        "http_req_blocked": {
            "min": 148.8319,
            "med": 341.94735000000003,
            "max": 707.4395,
            "p(90)": 547.89466,
            "p(95)": 582.0281600000001,
            "avg": 373.9921485999998
        },
        "http_req_tls_handshaking": {
            "med": 209.04165,
            "max": 502.3381,
            "p(90)": 393.9479900000001,
            "p(95)": 468.06625499999996,
            "avg": 236.3835879500005,
            "min": 87.0936
        },
        "http_req_waiting": {
            "avg": 42919.25484384997,
            "min": 39020.9839,
            "med": 42586.41285,
            "max": 46448.5246,
            "p(90)": 45886.26154000001,
            "p(95)": 46002.29243
        },
        "data_sent": {
            "count": 1618016,
            "rate": 33817.69668210815
        },
        "iterations": {
            "count": 2000,
            "rate": 41.80143667566718
        },
        "iteration_duration": {
            "avg": 44297.27813000005,
            "min": 40315.0715,
            "med": 44005.884300000005,
            "max": 47815.0212,
            "p(90)": 47265.9857,
            "p(95)": 47528.430575
        },
        "http_req_duration{expected_response:true}": {
            "min": 39025.5634,
            "med": 42590.17155,
            "max": 46451.596,
            "p(90)": 45890.336310000006,
            "p(95)": 46004.979224999995,
            "avg": 42922.68211574998
        },
        "http_req_connecting": {
            "max": 111.1694,
            "p(90)": 94.7262,
            "p(95)": 95.7523,
            "avg": 82.87191759999986,
            "min": 44.0032,
            "med": 84.0442
        },
        "http_reqs": {
            "count": 2000,
            "rate": 41.80143667566718
        }
    },
    "root_group": {
        "id": "d41d8cd98f00b204e9800998ecf8427e",
        "groups": {},
        "checks": {
                "200 OK": {
                    "path": "::200 OK",
                    "id": "e9654c443eff553da9e69eda7007924e",
                    "passes": 2000,
                    "fails": 0,
                    "name": "200 OK"
                },
                "201 Created": {
                    "passes": 0,
                    "fails": 2000,
                    "name": "201 Created",
                    "path": "::201 Created",
                    "id": "728dcd977aae263ca314731145e1d447"
                },
                "204 No Content": {
                    "name": "204 No Content",
                    "path": "::204 No Content",
                    "id": "54fa3c2eda34e1622fda2da5e0479fc5",
                    "passes": 0,
                    "fails": 2000
                },
                "400 Bad Request": {
                    "name": "400 Bad Request",
                    "path": "::400 Bad Request",
                    "id": "eeae81934b9b58bccaf0184a6d070338",
                    "passes": 0,
                    "fails": 2000
                },
                "401 Unauthorized": {
                    "name": "401 Unauthorized",
                    "path": "::401 Unauthorized",
                    "id": "6ae9254e6aefe7f0bafe5102fa7e20a5",
                    "passes": 0,
                    "fails": 2000
                },
                "403 Forbidden": {
                    "id": "655548b761742c5a7ad15aa7df3a5d9c",
                    "passes": 0,
                    "fails": 2000,
                    "name": "403 Forbidden",
                    "path": "::403 Forbidden"
                },
                "404 Not Found": {
                    "name": "404 Not Found",
                    "path": "::404 Not Found",
                    "id": "df1528f9925ca236bac51008f77b774a",
                    "passes": 0,
                    "fails": 2000
                },
                "429 Too Many Requests": {
                    "passes": 0,
                    "fails": 2000,
                    "name": "429 Too Many Requests",
                    "path": "::429 Too Many Requests",
                    "id": "b810c35b9499cc7342fd415032e3a6aa"
                },
                "500 Internal Server Error": {
                    "path": "::500 Internal Server Error",
                    "id": "3cd96245b24e869810efe46d533b0eef",
                    "passes": 0,
                    "fails": 2000,
                    "name": "500 Internal Server Error"
                },
                "502 Bad Gateway": {
                    "name": "502 Bad Gateway",
                    "path": "::502 Bad Gateway",
                    "id": "712cb0ec189a11f31f0d6d0c0031b569",
                    "passes": 0,
                    "fails": 2000
                },
                "503 Service Unavailable": {
                    "name": "503 Service Unavailable",
                    "path": "::503 Service Unavailable",
                    "id": "f1ea1a22be0dc738c385523a66ea1cd9",
                    "passes": 0,
                    "fails": 2000
                },
                "504 Gateway Timeout": {
                    "name": "504 Gateway Timeout",
                    "path": "::504 Gateway Timeout",
                    "id": "218efb729cb654723ccd57c6ebbebe29",
                    "passes": 0,
                    "fails": 2000
                }
            },
        "name": "",
        "path": ""
    }
}