{
    "metrics": {
        "http_req_failed": {
            "passes": 0,
            "fails": 6000,
            "value": 0
        },
        "checks": {
            "passes": 6000,
            "fails": 66000,
            "value": 0.08333333333333333
        },
        "iteration_duration": {
            "avg": 8142.544509933327,
            "min": 1795.427,
            "med": 8432.9848,
            "max": 12336.0683,
            "p(90)": 10830.46112,
            "p(95)": 11349.503310000002
        },
        "http_req_duration{expected_response:true}": {
            "med": 6244.64105,
            "max": 9665.7881,
            "p(90)": 8643.65093,
            "p(95)": 8893.985225000002,
            "avg": 6001.787597383332,
            "min": 342.8014
        },
        "http_req_tls_handshaking": {
            "avg": 750.7694146333365,
            "min": 306.9993,
            "med": 744.58825,
            "max": 1392.4411,
            "p(90)": 1166.5812,
            "p(95)": 1235.6313800000003
        },
        "http_req_sending": {
            "avg": 0.33104166666666685,
            "min": 0,
            "med": 0,
            "max": 30.0216,
            "p(90)": 1.0005,
            "p(95)": 1.0018
        },
        "http_req_connecting": {
            "avg": 388.62364843333296,
            "min": 23.62,
            "med": 392.7997,
            "max": 432.0491,
            "p(90)": 417.2321,
            "p(95)": 425.2301
        },
        "http_req_blocked": {
            "p(90)": 1541.38248,
            "p(95)": 1615.38166,
            "avg": 1140.106050233329,
            "min": 451.0496,
            "med": 1134.8907,
            "max": 1745.4237
        },
        "data_received": {
            "rate": 3944536.049589577,
            "count": 50129491
        },
        "http_reqs": {
            "count": 6000,
            "rate": 472.1216159473365
        },
        "http_req_duration": {
            "avg": 6001.787597383332,
            "min": 342.8014,
            "med": 6244.64105,
            "max": 9665.7881,
            "p(90)": 8643.65093,
            "p(95)": 8893.985225000002
        },
        "http_req_waiting": {
            "avg": 6001.351807633326,
            "min": 340.8015,
            "med": 6244.14045,
            "max": 9665.7881,
            "p(90)": 8643.540140000001,
            "p(95)": 8893.928795000002
        },
        "iterations": {
            "count": 6000,
            "rate": 472.1216159473365
        },
        "vus_max": {
            "value": 6000,
            "min": 3431,
            "max": 6000
        },
        "vus": {
            "value": 62,
            "min": 0,
            "max": 6000
        },
        "data_sent": {
            "count": 3714000,
            "rate": 292243.28027140134
        },
        "http_req_receiving": {
            "max": 10.004,
            "p(90)": 0.3687900000000029,
            "p(95)": 0.8462350000000016,
            "avg": 0.10474808333333338,
            "min": 0,
            "med": 0
        }
    },
    "root_group": {
        "id": "d41d8cd98f00b204e9800998ecf8427e",
        "groups": {},
        "checks": {
                "200 OK": {
                    "fails": 0,
                    "name": "200 OK",
                    "path": "::200 OK",
                    "id": "e9654c443eff553da9e69eda7007924e",
                    "passes": 6000
                },
                "201 Created": {
                    "name": "201 Created",
                    "path": "::201 Created",
                    "id": "728dcd977aae263ca314731145e1d447",
                    "passes": 0,
                    "fails": 6000
                },
                "204 No Content": {
                    "name": "204 No Content",
                    "path": "::204 No Content",
                    "id": "54fa3c2eda34e1622fda2da5e0479fc5",
                    "passes": 0,
                    "fails": 6000
                },
                "400 Bad Request": {
                    "fails": 6000,
                    "name": "400 Bad Request",
                    "path": "::400 Bad Request",
                    "id": "eeae81934b9b58bccaf0184a6d070338",
                    "passes": 0
                },
                "401 Unauthorized": {
                    "path": "::401 Unauthorized",
                    "id": "6ae9254e6aefe7f0bafe5102fa7e20a5",
                    "passes": 0,
                    "fails": 6000,
                    "name": "401 Unauthorized"
                },
                "403 Forbidden": {
                    "name": "403 Forbidden",
                    "path": "::403 Forbidden",
                    "id": "655548b761742c5a7ad15aa7df3a5d9c",
                    "passes": 0,
                    "fails": 6000
                },
                "404 Not Found": {
                    "name": "404 Not Found",
                    "path": "::404 Not Found",
                    "id": "df1528f9925ca236bac51008f77b774a",
                    "passes": 0,
                    "fails": 6000
                },
                "429 Too Many Requests": {
                    "name": "429 Too Many Requests",
                    "path": "::429 Too Many Requests",
                    "id": "b810c35b9499cc7342fd415032e3a6aa",
                    "passes": 0,
                    "fails": 6000
                },
                "500 Internal Server Error": {
                    "name": "500 Internal Server Error",
                    "path": "::500 Internal Server Error",
                    "id": "3cd96245b24e869810efe46d533b0eef",
                    "passes": 0,
                    "fails": 6000
                },
                "502 Bad Gateway": {
                    "name": "502 Bad Gateway",
                    "path": "::502 Bad Gateway",
                    "id": "712cb0ec189a11f31f0d6d0c0031b569",
                    "passes": 0,
                    "fails": 6000
                },
                "503 Service Unavailable": {
                    "name": "503 Service Unavailable",
                    "path": "::503 Service Unavailable",
                    "id": "f1ea1a22be0dc738c385523a66ea1cd9",
                    "passes": 0,
                    "fails": 6000
                },
                "504 Gateway Timeout": {
                    "path": "::504 Gateway Timeout",
                    "id": "218efb729cb654723ccd57c6ebbebe29",
                    "passes": 0,
                    "fails": 6000,
                    "name": "504 Gateway Timeout"
                }
            },
        "name": "",
        "path": ""
    }
}