{
    "metrics": {
        "http_req_connecting": {
            "min": 181.9899,
            "med": 644.8195,
            "max": 861.7672,
            "p(90)": 754.9442200000001,
            "p(95)": 766.9476,
            "avg": 646.0650666400028
        },
        "http_req_duration": {
            "avg": 1380.5349814100075,
            "min": 280.3998,
            "med": 937.0574,
            "max": 9094.4346,
            "p(90)": 3085.32408,
            "p(95)": 3088.718175
        },
        "vus": {
            "value": 10,
            "min": 0,
            "max": 10000
        },
        "http_req_blocked": {
            "avg": 1589.9671573499909,
            "min": 767.2188,
            "med": 1590.9266,
            "max": 1996.2036,
            "p(90)": 1759.6399900000001,
            "p(95)": 1771.0069
        },
        "http_req_sending": {
            "med": 0,
            "max": 26.9982,
            "p(90)": 0.9993,
            "p(95)": 1.0015,
            "avg": 0.23093607999999968,
            "min": 0
        },
        "http_req_receiving": {
            "max": 63.0194,
            "p(90)": 2.0029,
            "p(95)": 3.2128,
            "avg": 1.0490304199999887,
            "min": 0,
            "med": 0.7944
        },
        "http_req_waiting": {
            "p(95)": 3087.823905,
            "avg": 1379.2550149100025,
            "min": 279.4044,
            "med": 935.0586,
            "max": 9090.4215,
            "p(90)": 3084.6588
        },
        "data_received": {
            "count": 39631619,
            "rate": 3157659.2796950764
        },
        "iteration_duration": {
            "min": 2680.005,
            "med": 3387.0595,
            "max": 11869.2582,
            "p(90)": 5808.818270000001,
            "p(95)": 5830.3296,
            "avg": 3977.2227435400023
        },
        "vus_max": {
            "value": 10000,
            "min": 3806,
            "max": 10000
        },
        "http_req_failed": {
            "passes": 10000,
            "fails": 0,
            "value": 1
        },
        "checks": {
            "passes": 10000,
            "fails": 110000,
            "value": 0.08333333333333333
        },
        "data_sent": {
            "count": 5420000,
            "rate": 431839.87250047276
        },
        "http_req_tls_handshaking": {
            "med": 952.0835,
            "max": 1305.005,
            "p(90)": 1002.0597,
            "p(95)": 1007.0599,
            "avg": 930.6809105099958,
            "min": 581.2298
        },
        "iterations": {
            "count": 10000,
            "rate": 796.7525322886951
        },
        "http_reqs": {
            "rate": 796.7525322886951,
            "count": 10000
        }
    },
    "root_group": {
        "name": "",
        "path": "",
        "id": "d41d8cd98f00b204e9800998ecf8427e",
        "groups": {},
        "checks": {
                "200 OK": {
                    "path": "::200 OK",
                    "id": "e9654c443eff553da9e69eda7007924e",
                    "passes": 0,
                    "fails": 10000,
                    "name": "200 OK"
                },
                "201 Created": {
                    "fails": 10000,
                    "name": "201 Created",
                    "path": "::201 Created",
                    "id": "728dcd977aae263ca314731145e1d447",
                    "passes": 0
                },
                "204 No Content": {
                    "name": "204 No Content",
                    "path": "::204 No Content",
                    "id": "54fa3c2eda34e1622fda2da5e0479fc5",
                    "passes": 0,
                    "fails": 10000
                },
                "400 Bad Request": {
                    "id": "eeae81934b9b58bccaf0184a6d070338",
                    "passes": 0,
                    "fails": 10000,
                    "name": "400 Bad Request",
                    "path": "::400 Bad Request"
                },
                "401 Unauthorized": {
                    "name": "401 Unauthorized",
                    "path": "::401 Unauthorized",
                    "id": "6ae9254e6aefe7f0bafe5102fa7e20a5",
                    "passes": 0,
                    "fails": 10000
                },
                "403 Forbidden": {
                    "passes": 0,
                    "fails": 10000,
                    "name": "403 Forbidden",
                    "path": "::403 Forbidden",
                    "id": "655548b761742c5a7ad15aa7df3a5d9c"
                },
                "404 Not Found": {
                    "name": "404 Not Found",
                    "path": "::404 Not Found",
                    "id": "df1528f9925ca236bac51008f77b774a",
                    "passes": 10000,
                    "fails": 0
                },
                "429 Too Many Requests": {
                    "name": "429 Too Many Requests",
                    "path": "::429 Too Many Requests",
                    "id": "b810c35b9499cc7342fd415032e3a6aa",
                    "passes": 0,
                    "fails": 10000
                },
                "500 Internal Server Error": {
                    "path": "::500 Internal Server Error",
                    "id": "3cd96245b24e869810efe46d533b0eef",
                    "passes": 0,
                    "fails": 10000,
                    "name": "500 Internal Server Error"
                },
                "502 Bad Gateway": {
                    "name": "502 Bad Gateway",
                    "path": "::502 Bad Gateway",
                    "id": "712cb0ec189a11f31f0d6d0c0031b569",
                    "passes": 0,
                    "fails": 10000
                },
                "503 Service Unavailable": {
                    "name": "503 Service Unavailable",
                    "path": "::503 Service Unavailable",
                    "id": "f1ea1a22be0dc738c385523a66ea1cd9",
                    "passes": 0,
                    "fails": 10000
                },
                "504 Gateway Timeout": {
                    "name": "504 Gateway Timeout",
                    "path": "::504 Gateway Timeout",
                    "id": "218efb729cb654723ccd57c6ebbebe29",
                    "passes": 0,
                    "fails": 10000
                }
            }
    }
}