{
    "metrics": {
        "data_sent": {
            "count": 10639468,
            "rate": 469442.1743432073
        },
        "http_req_failed": {
            "passes": 20000,
            "fails": 0,
            "value": 1
        },
        "checks": {
            "passes": 19999,
            "fails": 220001,
            "value": 0.08332916666666666
        },
        "http_req_receiving": {
            "p(95)": 7.001564999999999,
            "avg": 2.018519034999962,
            "min": 0,
            "med": 1.0015,
            "max": 214.9494,
            "p(90)": 3.0004
        },
        "http_req_duration": {
            "max": 3630.9088,
            "p(90)": 2157.1735,
            "p(95)": 2177.495705,
            "avg": 2019.5213721550033,
            "min": 0,
            "med": 2013.1027
        },
        "http_req_sending": {
            "avg": 0.2626693000000001,
            "min": 0,
            "med": 0,
            "max": 238.7168,
            "p(90)": 0.9997,
            "p(95)": 1.0013
        },
        "iterations": {
            "count": 20000,
            "rate": 882.454224860129
        },
        "vus": {
            "min": 0,
            "max": 20000,
            "value": 1
        },
        "iteration_duration": {
            "med": 5855.14355,
            "max": 22056.6247,
            "p(90)": 6119.576510000001,
            "p(95)": 6195.625840000001,
            "avg": 5840.9139413750045,
            "min": 3445.3104
        },
        "http_req_waiting": {
            "max": 3629.9095,
            "p(90)": 2154.6591,
            "p(95)": 2174.73831,
            "avg": 2017.2401838200074,
            "min": 0,
            "med": 2011.1062
        },
        "http_req_tls_handshaking": {
            "avg": 1685.9309279599902,
            "min": 0,
            "med": 1684.3731,
            "max": 2627.4515,
            "p(90)": 1923.61,
            "p(95)": 2042.7889
        },
        "vus_max": {
            "value": 20000,
            "min": 6098,
            "max": 20000
        },
        "data_received": {
            "rate": 2956650.9231391153,
            "count": 67009729
        },
        "http_req_connecting": {
            "avg": 1120.3379419800078,
            "min": 0,
            "med": 1132.86395,
            "max": 1419.8634,
            "p(90)": 1286.354030000002,
            "p(95)": 1319.3598949999998
        },
        "http_req_blocked": {
            "med": 2819.7356499999996,
            "max": 3683.3562,
            "p(90)": 3205.8555300000003,
            "p(95)": 3366.2391,
            "avg": 2806.8263319400307,
            "min": 0
        },
        "http_reqs": {
            "count": 20000,
            "rate": 882.454224860129
        }
    },
    "root_group": {
        "name": "",
        "path": "",
        "id": "d41d8cd98f00b204e9800998ecf8427e",
        "groups": {},
        "checks": {
                "200 OK": {
                    "id": "e9654c443eff553da9e69eda7007924e",
                    "passes": 0,
                    "fails": 20000,
                    "name": "200 OK",
                    "path": "::200 OK"
                },
                "201 Created": {
                    "name": "201 Created",
                    "path": "::201 Created",
                    "id": "728dcd977aae263ca314731145e1d447",
                    "passes": 0,
                    "fails": 20000
                },
                "204 No Content": {
                    "id": "54fa3c2eda34e1622fda2da5e0479fc5",
                    "passes": 0,
                    "fails": 20000,
                    "name": "204 No Content",
                    "path": "::204 No Content"
                },
                "400 Bad Request": {
                    "id": "eeae81934b9b58bccaf0184a6d070338",
                    "passes": 0,
                    "fails": 20000,
                    "name": "400 Bad Request",
                    "path": "::400 Bad Request"
                },
                "401 Unauthorized": {
                    "name": "401 Unauthorized",
                    "path": "::401 Unauthorized",
                    "id": "6ae9254e6aefe7f0bafe5102fa7e20a5",
                    "passes": 0,
                    "fails": 20000
                },
                "403 Forbidden": {
                    "name": "403 Forbidden",
                    "path": "::403 Forbidden",
                    "id": "655548b761742c5a7ad15aa7df3a5d9c",
                    "passes": 0,
                    "fails": 20000
                },
                "404 Not Found": {
                    "fails": 14695,
                    "name": "404 Not Found",
                    "path": "::404 Not Found",
                    "id": "df1528f9925ca236bac51008f77b774a",
                    "passes": 5305
                },
                "429 Too Many Requests": {
                    "path": "::429 Too Many Requests",
                    "id": "b810c35b9499cc7342fd415032e3a6aa",
                    "passes": 0,
                    "fails": 20000,
                    "name": "429 Too Many Requests"
                },
                "500 Internal Server Error": {
                    "name": "500 Internal Server Error",
                    "path": "::500 Internal Server Error",
                    "id": "3cd96245b24e869810efe46d533b0eef",
                    "passes": 0,
                    "fails": 20000
                },
                "502 Bad Gateway": {
                    "name": "502 Bad Gateway",
                    "path": "::502 Bad Gateway",
                    "id": "712cb0ec189a11f31f0d6d0c0031b569",
                    "passes": 0,
                    "fails": 20000
                },
                "503 Service Unavailable": {
                    "name": "503 Service Unavailable",
                    "path": "::503 Service Unavailable",
                    "id": "f1ea1a22be0dc738c385523a66ea1cd9",
                    "passes": 14694,
                    "fails": 5306
                },
                "504 Gateway Timeout": {
                    "name": "504 Gateway Timeout",
                    "path": "::504 Gateway Timeout",
                    "id": "218efb729cb654723ccd57c6ebbebe29",
                    "passes": 0,
                    "fails": 20000
                }
            }
    }
}